id,document,label
1,某浆胶颇捞歹,0
2,某矫胶颇捞歹,0
3,格磊福绰悼康惑,0
4,ogrish.com,0
5,ogrish,0
6,坷弊府矫,0
7,坷弊府浆,0
8,坷弊府浆村哪,0
9,辫急老悼康惑,0
10,曼荐,0
11,beheading,0
12,007冀胶讥,0
13,007冀胶萍宏捞,0
14,007冀胶萍厚,0
15,009sex,0
16,016冀胶村哪,0
17,1004己牢侩前,0
18,100boG,0
19,100bozy,0
20,10sextv,0
21,10冀胶萍宏捞,0
22,114己牢侩前,0
23,18sex,0
24,18sexTV,0
25,18x,0
26,21冀胶齿,0
27,24俊肺扼捞宏,0
28,25扼捞宏冀胶,0
29,33sexymall,0
30,365冀胶昆,0
31,365器福畴,0
32,365器福畴抛蕾,0
33,386冀矫概芭柳,0
34,3sextv,0
35,4SEX,0
36,4changamolca冀胶内府酒,0
37,4kkasi,0
38,588,0
39,588show,0
40,588冀胶内府酒,0
41,588冀胶内府酒己牢规价,0
42,588冀胶萍厚,0
43,588器福畴,0
44,5sexshop,0
45,69Time,0
46,69XY己牢叼泛配府,0
47,69n69己牢隔,0
48,69sex,0
49,69timepornsex,0
50,69冀胶内府酒,0
51,69努反TV,0
52,冀胶内府酒,0
53,ADULTMANA,0
54,AVmolca,0
55,AV岸矾府,0
56,AV犁埔,0
57,AdultSearch,0
58,AdultSexshop,0
59,Adulthumor,0
60,Adultzone,0
61,Bojyty,0
62,Bozicam,0
63,GO588TV,0
64,GO冀矫努反,0
65,HOTWEB,0
66,HOTZONE,0
67,HardcorePorno,0
68,IJSEX,0
69,IJ扼捞宏,0
70,IJ积规价,0
71,IJ俊肺碱,0
72,IJ漂喊内呈,0
73,KRTV,0
74,Korea器福畴,0
75,MANABOZI,0
76,MolcaPornoTV,0
77,MolcaTV,0
78,Molcanara,0
79,Molcaparty,0
80,Molca抛捞橇,0
81,Molca器福畴冀胶内府酒,0
82,Molca器福畴家扼啊捞靛,0
83,Molka冀胶内府酒,0
84,Molka内府酒冀胶,0
85,Mulyosex,0
86,NEVER-SEX,0
87,OIO己牢侩前,0
88,OK己牢侩前,0
89,OK冀胶SHOW,0
90,PJ,0
91,PORNOBOZI,0
92,PORNO局聪,0
93,PleyboG,0
94,Pleyboy,0
95,Porno官促,0
96,SEXBBS,0
97,SEXEROS,0
98,SEXJAPAN,0
99,SEXMOLCA,0
100,SEXPDS,0
101,SEXWAREZ,0
102,SEXYMAP,0
103,SEXYX,0
104,SEXY拳惑盲泼,0
105,SEX肺府鸥,0
106,SEX冀胶内府酒,0
107,SOSSEX,0
108,SexGoods,0
109,SexPorno,0
110,Sexpia,0
111,Sexwal,0
112,Sexyadong,0
113,TV敲饭捞焊捞,0
114,X殿鞭,0
115,YASATV,0
116,Yahanbozi,0
117,adult,0
118,adultlife,0
119,adultvideo,0
120,adultzon,0
121,av冀胶内府酒,0
122,awoodong,0
123,backbojytv,0
124,bbagury,0
125,bestbozi,0
126,binya,0
127,byuntaesex,0
128,carporno,0
129,carsex,0
130,clubero,0
131,condom,0
132,cosex,0
133,cosex.net,0
134,damoimsex,0
135,enterchannel,0
136,ero2030,0
137,ero69,0
138,eroasia,0
139,erocine,0
140,erosasia,0
141,erosian,0
142,erostyle,0
143,fetish,0
144,fetish7,0
145,fetishwoman,0
146,gabozi,0
147,gagasexy,0
148,goadult,0
149,gocinepia,0
150,gojasex,0
151,hidden-korea,0
152,hiddencam,0
153,hotbojy,0
154,hotsex,0
155,hotsexkorea,0
156,ilovesex,0
157,joungyang,0
158,jungyang,0
159,kgirlmolca,0
160,kingsex,0
161,ksex,0
162,ksex.net,0
163,kukikorea,0
164,live10tv,0
165,molca,0
166,molca365,0
167,molca588,0
168,molcaCD,0
169,molcaav,0
170,molcasex,0
171,molcasexnipon,0
172,molca冀胶,0
173,molca冀胶内府酒,0
174,molca器福畴,0
175,mrcondom,0
176,new家扼啊捞靛,0
177,noode,0
178,nopants,0
179,nudcouple,0
180,nude,0
181,nudlnude,0
182,oiotv,0
183,olotv冀胶nipon,0
184,oralsextv,0
185,playboy,0
186,porno,0
187,porno-tape,0
188,pornomana,0
189,pornoplayboy,0
190,pornsex,0
191,runsex,0
192,sex,0
193,sex-sayclub,0
194,sex123,0
195,sex18,0
196,sex1818,0
197,sex4969,0
198,sexTV,0
199,sexboard,0
200,sexbuin,0
201,sexcorea,0
202,sexhangame,0
203,sexjj,0
204,sexkorea,0
205,sexkorea.com,0
206,sexkorea.net,0
207,sexkorea21,0
208,sexkoreasexkorea,0
209,sexmaxx,0
210,sexmolka,0
211,sexmovie,0
212,sexmusa,0
213,sexnipon,0
214,sexsexy,0
215,sexwal.com,0
216,sexwall,0
217,sexwall.com,0
218,sexxmolcatv,0
219,sexy,0
220,sexyclik,0
221,sexyjapan,0
222,sexynmall,0
223,sexysoul,0
224,sora'sguide,0
225,soraguide,0
226,sorasguide,0
227,sorasguide.com,0
228,sunginsite,0
229,togoero,0
230,tvbozi,0
231,tv冀胶内府酒,0
232,twistkim,0
233,twistkim.com,0
234,videokiller,0
235,vip24,0
236,viva器福畴,0
237,warez冀胶,0
238,whoissex,0
239,wonjosex,0
240,worldsex,0
241,www.porno-tape.com,0
242,www.sex123.co.kr,0
243,www.sexkorea.net,0
244,www.sexwal.com,0
245,www.sorasguide.com,0
246,www.twistkim.com,0
247,xxx,0
248,yadong,0
249,yadongclub,0
250,yadongmolca,0
251,yadong冀胶内府酒,0
252,yagood,0
253,yahanbamtv,0
254,yahannom,0
255,yasine,0
256,yesmolca,0
257,yessex,0
258,youngsex,0
259,zotte,0
260,zungyang,0
261,胶,0
262,胶内府酒,0
263,矫齿,0
264,妮村哪,0
265,努反,0
266,啊啊啊啊冀胶讥,0
267,啊啊啊冀胶WAREZ,0
268,啊啊己牢冀胶讥,0
269,啊啊己牢侩前,0
270,啊啊己牢侩前讥,0
271,啊啊冀胶,0
272,啊啊冀胶器福畴,0
273,啊啊冀胶窍矾促啊扼,0
274,啊绊颇己牢侩前,0
275,啊唱己牢侩前傈巩碱俏隔,0
276,啊恩冀胶己牢侩前,0
277,啊付己牢碱俏隔,0
278,啊搁己牢侩前碱俏隔,0
279,啊焊磊己牢侩前,0
280,啊矫唱公己牢侩前,0
281,啊捞靛己牢碱俏隔,0
282,啊捞靛冀胶,0
283,啊牢内府酒己牢侩前,0
284,啊磊Molca冀胶内府酒,0
285,啊磊矾宏讥,0
286,啊磊固酒府,0
287,啊磊己牢侩前,0
288,啊磊冀胶,0
289,啊磊冀胶隔,0
290,啊磊冀胶磊丰角,0
291,啊磊冀胶内府酒,0
292,啊沥冀胶傈巩痢,0
293,啊瘤客坷捞己牢侩前,0
294,啊瘤客坷捞冀胶讥,0
295,碍埃,0
296,碍巢墨其冀胶厚叼坷抛捞橇,0
297,碍艰村哪,0
298,碍茄己牢康拳,0
299,吧冀胶内府酒岸矾府,0
300,版绊冀胶器福畴,0
301,版付厘啊绰辨己牢侩前,0
302,版酒村哪,0
303,绊69冀酱倔,0
304,绊傍冀胶,0
305,绊妨冀矫牢器叼泛配府,0
306,绊冀胶588,0
307,绊冀胶PORNO,0
308,绊俊肺TV,0
309,绊快冀胶,0
310,绊快冀胶己牢侩前痢,0
311,绊磊冀胶,0
312,绊眠炉,0
313,绊捧俊肺,0
314,绊菩萍浆,0
315,绊趋拘具悼,0
316,傍楼父拳,0
317,苞何锰,0
318,惫力己牢付飘,0
319,甭吧TV,0
320,甭唱勒TV,0
321,甭唱勒萍宏捞,0
322,甭冀胶努反,0
323,弊缝冀胶,0
324,辟模惑埃,0
325,臂贰赣讥,0
326,辫付淬己牢碱俏隔,0
327,部眠村哪,0
328,唱绊具冀胶固靛赣聪,0
329,唱唱己牢侩前,0
330,唱快穿府绢弗父拳规,0
331,唱捞胶69,0
332,唱捞胶己牢讥,0
333,唱炼酒己牢隔,0
334,唱眉,0
335,巢赤冀矫加渴,0
336,巢赤磊困扁备,0
337,巢己窜访侩前,0
338,巢己磊困扁备,0
339,匙滚冀胶,0
340,匙厚肺胶冀胶讥,0
341,畴畴萍宏捞,0
342,畴宏扼,0
343,畴宏扼TV,0
344,畴埔萍宏捞,0
345,稠胶砰矾宏己牢蜡赣,0
346,穿唱隔墨,0
347,穿滴,0
348,穿靛,0
349,穿靛112,0
350,穿靛119,0
351,穿靛25矫,0
352,穿靛molcaTV,0
353,穿靛岸矾府,0
354,穿靛促捞绢府,0
355,穿靛葛胆,0
356,穿靛葛酒,0
357,穿靛隔墨TV,0
358,穿靛孤流,0
359,穿靛荤柳,0
360,穿靛冀胶,0
361,穿靛碱,0
362,穿靛胶纳摹,0
363,穿靛笼,0
364,穿靛玫荤,0
365,穿靛目敲,0
366,穿靛内府酒,0
367,穿靛努反,0
368,穿靛鞘抚,0
369,穿靛拳焊,0
370,穿甸穿靛,0
371,春胶飘赋,0
372,促焊磊己牢康拳包,0
373,促澜冀胶,0
374,促捞冀胶,0
375,措冠己牢配呕隔,0
376,歹萍冀胶,0
377,档撵冀胶,0
378,档撵冀胶nipon,0
379,悼剧弥绊己绊傈,0
380,滴滴冀胶,0
381,缔摹扁,0
382,靛覆其萍浆,0
383,殿鞭焊幅己牢康拳包,0
384,叼瘤判冀胶炼急,0
385,叠叠捞,0
386,侗吧,0
387,侗摹扁,0
388,扼畴厚酒冀胶讥,0
389,扼捞宏10TV,0
390,扼捞宏胶飘赋,0
391,矾宏冠荤己牢侩前,0
392,矾宏海靛,0
393,矾宏冀矫努反,0
394,矾宏厘,0
395,矾宏俩,0
396,矾宏窍磊己牢侩前,0
397,矾宏龋炮,0
398,钒虐己牢隔,0
399,饭靛冀胶tv,0
400,饭捞教吧,0
401,肺府鸥,0
402,肺府鸥.,0
403,费府鸥,0
404,幅固坷,0
405,府倔冀胶敲饭捞,0
406,府倔俊肺,0
407,付唱焊瘤,0
408,付聪酒冀胶,0
409,父拳焊瘤,0
410,噶啊,0
411,噶啊炉,0
412,葛畴冀胶,0
413,葛滴葛酒己牢侩前,0
414,葛葛TV,0
415,隔贰焊扁,0
416,隔贰墨皋扼,0
417,隔贰姆内歹,0
418,隔墨,0
419,隔墨365,0
420,隔墨588,0
421,隔墨tv,0
422,公丰噶啊,0
423,公丰隔墨,0
424,公丰己牢,0
425,公丰己牢悼康惑,0
426,公丰己牢父拳,0
427,公丰己牢规价,0
428,公丰己牢荤捞飘,0
429,公丰己牢轿捞飘,0
430,公丰己牢勘扁,0
431,公丰己牢康拳,0
432,公丰己牢沥焊,0
433,公丰冀胶,0
434,公丰冀胶悼康惑,0
435,公丰冀胶荤捞飘,0
436,公丰具悼,0
437,公丰具汲,0
438,公丰器福畴,0
439,公丰器福畴悼康惑,0
440,公丰穷鸥捞,0
441,公傈噶啊,0
442,固惫磺福畴,0
443,固惫器福畴,0
444,固聪胶目飘,0
445,固鄂促己牢冀胶讥,0
446,固家吧己牢侩前,0
447,固家赤,0
448,固家赤霸烙,0
449,固家赤冀胶啊捞靛,0
450,固胶穿靛,0
451,固胶磐能导,0
452,固胶配侨村哪,0
453,固胶配侨己牢侩前痢,0
454,固矫锰,0
455,固疥胶磐,0
456,固酒府,0
457,固酒府2000,0
458,固酒府588,0
459,固酒府tv,0
460,固酒府冀胶窍府,0
461,固酒府碱,0
462,固酒府咆荤胶,0
463,官唱唱TV,0
464,官唱唱萍厚,0
465,官捞浚俊肺,0
466,灌篮技惑己牢侩前,0
467,哈扁绰绊胶砰,0
468,海胶飘己牢侩前,0
469,海捞厚酒眶己牢侩前,0
470,函怕,0
471,焊胶己牢努反,0
472,焊炼扁备,0
473,焊瘤,0
474,焊瘤唱扼,0
475,焊瘤付TV,0
476,焊瘤焊瘤,0
477,焊瘤判,0
478,何何唱扼,0
479,何何冀胶,0
480,厚呈胶己牢侩前,0
481,后具,0
482,后具己牢,0
483,后具己牢客饭令,0
484,狐备府,0
485,弧埃萍宏捞冀胶,0
486,磺福畴,0
487,贿府齿,0
488,荤鳖矫,0
489,荤扼己牢侩前痢,0
490,荤尔狼魔角抛农葱,0
491,荤捞滚冀胶,0
492,荤芒啊,0
493,祸胶,0
494,祸胶内府酒,0
495,激仟狼己牢沥焊,0
496,辑剧悼康惑,0
497,辑剧磺福畴,0
498,己霸矫魄,0
499,己绊刮惑淬,0
500,己苞冀胶,0
501,己扁,0
502,己焊炼扁备,0
503,己惑淬,0
504,己牢,0
505,己牢18锅瘤,0
506,己牢25矫,0
507,己牢CD,0
508,己牢IJ,0
509,己牢岸矾府,0
510,己牢霸矫魄,0
511,己牢霸烙,0
512,己牢弊府绊冀胶,0
513,己牢必厘,0
514,己牢唱扼,0
515,己牢愁捞巩拳,0
516,己牢穿靛,0
517,己牢春胶,0
518,己牢措拳,0
519,己牢措拳规,0
520,己牢悼康惑,0
521,己牢靛扼付,0
522,己牢父拳,0
523,己牢父拳唱扼,0
524,己牢父拳玫惫,0
525,己牢噶啊,0
526,己牢公丰,0
527,己牢公丰悼康惑,0
528,己牢公丰荤捞飘,0
529,己牢公丰康拳,0
530,己牢公厚,0
531,己牢拱,0
532,己牢固胶珐农,0
533,己牢固泼规,0
534,己牢规价,0
535,己牢规价惫,0
536,己牢规价救郴,0
537,己牢硅快,0
538,己牢喊邦,0
539,己牢厚低,0
540,己牢厚叼坷,0
541,己牢荤捞飘,0
542,己牢荤捞飘家俺,0
543,己牢荤柳,0
544,己牢惑前,0
545,己牢积规价,0
546,己牢讥,0
547,己牢辑利,0
548,己牢己背腊胶酿,0
549,己牢冀胶刮惫,0
550,己牢冀胶内府酒,0
551,己牢家赤版,0
552,己牢家扼啊捞靛,0
553,己牢家汲,0
554,己牢碱,0
555,己牢碱俏,0
556,己牢碱俏隔,0
557,己牢矫飘霓,0
558,己牢轿捞飘,0
559,己牢局聪,0
560,己牢局聪皋捞记,0
561,己牢具汲,0
562,己牢具拳,0
563,己牢俊肺公厚,0
564,己牢俊肺康拳,0
565,己牢勘扁,0
566,己牢勘扁damoim,0
567,己牢康惑,0
568,己牢康拳,0
569,己牢康拳包,0
570,己牢康拳唱扼,0
571,己牢康拳规,0
572,己牢康拳技惑,0
573,己牢康拳玫惫,0
574,己牢客饭令,0
575,己牢侩CD,0
576,己牢侩前,0
577,己牢侩前档概季磐,0
578,己牢侩前俊肺粮,0
579,己牢侩前且牢概厘,0
580,己牢蜡赣,0
581,己牢捞固瘤,0
582,己牢牢刘&x=23,0
583,己牢牢磐齿规价,0
584,己牢老夯,0
585,己牢磊丰,0
586,己牢磊丰角,0
587,己牢傈侩,0
588,己牢傈侩包,0
589,己牢傈侩沥焊,0
590,己牢沥焊,0
591,己牢盲泼,0
592,己牢锚,0
593,己牢玫惫,0
594,己牢眉困,0
595,己牢墨坯,0
596,己牢牧刨明,0
597,己牢努反,0
598,己牢敲贰浆,0
599,己牢敲贰矫,0
600,己牢拳惑,0
601,己牢拳惑盲泼,0
602,己老敲贰浆,0
603,己雷康拳,0
604,己眉困,0
605,己努府葱,0
606,己抛农葱,0
607,己气青,0
608,己青困,0
609,技红穿靛村哪,0
610,技红冀矫,0
611,技锐具悼,0
612,冀,0
613,冀吧,0
614,冀吧村哪,0
615,冀榜村哪,0
616,冀付,0
617,冀浆,0
618,冀浆桂农,0
619,冀浆芥赣鸥烙,0
620,冀浆勘扁,0
621,冀胶,0
622,冀胶19,0
623,冀胶25矫,0
624,冀胶2TV,0
625,冀胶588冀胶,0
626,冀胶6mm,0
627,冀胶700,0
628,冀胶89,0
629,冀胶DC,0
630,冀胶Koreana,0
631,冀胶Molca冀胶内府酒,0
632,冀胶SHOW,0
633,冀胶TV,0
634,冀胶and器福畴,0
635,冀胶damoim,0
636,冀胶daum,0
637,冀胶molca,0
638,冀胶molcaTV,0
639,冀胶molca内府酒,0
640,冀胶molca内府酒TV,0
641,冀胶molca器福畴,0
642,冀胶molka,0
643,冀胶sayclub,0
644,冀胶warez,0
645,冀胶yadong,0
646,冀胶啊捞靛,0
647,冀胶岸矾府,0
648,冀胶霸矫魄,0
649,冀胶绊绊,0
650,冀胶甭,0
651,冀胶唱扼,0
652,冀胶唱扼69,0
653,冀胶畴抗,0
654,冀胶促澜,0
655,冀胶促农,0
656,冀胶村哪,0
657,冀胶单捞鸥100,0
658,冀胶档快固,0
659,冀胶悼,0
660,冀胶悼康惑,0
661,冀胶靛扼付,0
662,冀胶扼捞宏,0
663,冀胶扼捞宏TV,0
664,冀胶肺嚎,0
665,冀胶府酒,0
666,冀胶府倔,0
667,冀胶傅农,0
668,冀胶付胶磐,0
669,冀胶父拳,0
670,冀胶概芭柳,0
671,冀胶葛胆,0
672,冀胶葛酒TV,0
673,冀胶隔,0
674,冀胶隔墨,0
675,冀胶公厚,0
676,冀胶公荤,0
677,冀胶孤流,0
678,冀胶雇胶,0
679,冀胶官何力奇,0
680,冀胶骇府,0
681,冀胶焊靛,0
682,冀胶焊炼扁备,0
683,冀胶焊炼侩前,0
684,冀胶何牢,0
685,冀胶宏扼,0
686,冀胶厚叼坷,0
687,冀胶厚救,0
688,冀胶荤尔,0
689,冀胶荤捞飘,0
690,冀胶荤柳,0
691,冀胶混氛,0
692,冀胶基敲,0
693,冀胶讥,0
694,冀胶讥2080,0
695,冀胶讥21,0
696,冀胶辑摹,0
697,冀胶急单捞,0
698,冀胶己牢父拳,0
699,冀胶伎墨,0
700,冀胶家唱鸥,0
701,冀胶家扼啊捞靛,0
702,冀胶家府,0
703,冀胶矫匙,0
704,冀胶缴府,0
705,冀胶纠,0
706,冀胶酒捞叼,0
707,冀胶舅府官官,0
708,冀胶局聪付唱,0
709,冀胶矩讥,0
710,冀胶具促捞令,0
711,冀胶具悼,0
712,冀胶具矫匙,0
713,冀胶具龋,0
714,冀胶俊聪皋捞记,0
715,冀胶俊肺,0
716,冀胶俊肺胶TV,0
717,冀胶俊肺矫救,0
718,冀胶浚官捞,0
719,冀胶浚讥,0
720,冀胶骏萍厚村哪,0
721,冀胶康惑,0
722,冀胶康拳,0
723,冀胶客饭令,0
724,冀胶啃,0
725,冀胶侩前,0
726,冀胶岿,0
727,冀胶岿靛,0
728,冀胶溃,0
729,冀胶牢屈,0
730,冀胶老扁,0
731,冀胶磊丰角,0
732,冀胶磊技,0
733,冀胶磊柳,0
734,冀胶棱瘤,0
735,冀胶犁埔父拳,0
736,冀胶沥焊,0
737,冀胶力捞力捞,0
738,冀胶力埔,0
739,冀胶力奇,0
740,冀胶炼急,0
741,冀胶炼酒,0
742,冀胶炼牢,0
743,冀胶瘤粮,0
744,冀胶炉,0
745,冀胶骂骂村霓,0
746,冀胶盲澄,0
747,冀胶锚79,0
748,冀胶玫荤,0
749,冀胶玫窍,0
750,冀胶眉困,0
751,冀胶锰,0
752,冀胶姆橇,0
753,冀胶内矾胶,0
754,冀胶内府酒21,0
755,冀胶内府酒79,0
756,冀胶内府酒DAMOIM,0
757,冀胶内府酒MOLCA,0
758,冀胶内府酒OK,0
759,冀胶内府酒TV,0
760,冀胶内府酒jp,0
761,冀胶内府酒warez,0
762,冀胶内府酒吧,0
763,冀胶内府酒齿,0
764,冀胶内府酒扼捞宏,0
765,冀胶内府酒公厚,0
766,冀胶内府酒己牢勘扁,0
767,冀胶内府酒冀胶冀胶内府酒,0
768,冀胶内府酒家扼啊捞靛,0
769,冀胶内府酒家扼狼啊捞靛,0
770,冀胶内府酒矩靛冀胶内府酒,0
771,冀胶内府酒竣胶冀胶内府酒,0
772,冀胶内府酒炼急,0
773,冀胶内府酒器福畴,0
774,冀胶内府酒窍快胶,0
775,冀胶内摹,0
776,冀胶农覆,0
777,冀胶努反,0
778,冀胶糯,0
779,冀胶鸥烙,0
780,冀胶鸥烙69,0
781,冀胶抛蕾,0
782,冀胶抛农葱,0
783,冀胶配捞讥,0
784,冀胶配捞内府酒,0
785,冀胶捧单捞,0
786,冀胶飘赋,0
787,冀胶颇老,0
788,冀胶颇农,0
789,冀胶器福畴,0
790,冀胶器福畴molca,0
791,冀胶器福畴讥,0
792,冀胶器福畴飘困胶飘辫,0
793,冀胶器冀胶萍厚,0
794,冀胶器蜡,0
795,冀胶器牢飘,0
796,冀胶器呕,0
797,冀胶橇府待,0
798,冀胶乔酒,0
799,冀胶窍鳖,0
800,冀胶窍匙,0
801,冀胶窍府,0
802,冀胶茄惫,0
803,冀胶秦烈,0
804,冀胶穷鸥捞,0
805,冀胶龋狐,0
806,冀胶圈,0
807,冀矫,0
808,冀矫TV,0
809,冀矫wave,0
810,冀矫岸矾府,0
811,冀矫吧,0
812,冀矫霸捞飘,0
813,冀矫唱扼,0
814,冀矫唱捞飘,0
815,冀矫穿靛,0
816,冀矫春胶,0
817,冀矫甘,0
818,冀矫公厚,0
819,冀矫荤柳,0
820,冀矫讥,0
821,冀矫己牢侩前,0
822,冀矫冀胶内府酒,0
823,冀矫胶鸥,0
824,冀矫脚巩,0
825,冀矫揪浚浚,0
826,冀矫酒捞力捞,0
827,冀矫俊肺村哪,0
828,冀矫浚TV,0
829,冀矫浚隔,0
830,冀矫楷抗牢,0
831,冀矫犁埔,0
832,冀矫力埔,0
833,冀矫力奇,0
834,冀矫炼急,0
835,冀矫粮,0
836,冀矫炉,0
837,冀矫锰,0
838,冀矫内叼,0
839,冀矫内府酒,0
840,冀矫努反,0
841,冀矫努腐,0
842,冀矫泼窍磊,0
843,冀矫埔萍,0
844,伎墨,0
845,伎橇墨皋扼,0
846,家扼啊捞靛,0
847,家扼啊捞靛-俊肺玫惫,0
848,家扼啊捞靛TO,0
849,家扼啊捞靛矩家扼啊捞靛,0
850,家扼啊捞靛玫荤,0
851,家扼胶啊捞靛,0
852,家扼狼MissTopic,0
853,家扼狼啊捞靛,0
854,家扼狼冀胶内府酒啊捞靛,0
855,家扼狼具汲傍累家,0
856,家扼狼橇肺器令,0
857,家扼令啊捞靛,0
858,碱吧努反,0
859,碱快噶啊,0
860,碱欧悼康惑,0
861,碱欧冀胶,0
862,碱欧冀胶内府酒,0
863,碱欧俊肺,0
864,槛葛焊瘤,0
865,胶客俏,0
866,胶鸥欧器蜡,0
867,脚付淬,0
868,角府能窍快胶己牢侩前,0
869,缴具TV,0
870,缴茄器福畴,0
871,轿烈,0
872,较静府村哪,0
873,劫劫捞萍厚,0
874,竭molca,0
875,竭隔墨,0
876,竭焊瘤,0
877,竭焊瘤兢,0
878,竭碱,0
879,竭兢,0
880,竭器福畴,0
881,揪穿靛21,0
882,久,0
883,酒付吧器福畴,0
884,酒祸扁啊,0
885,酒捞矾宏冀胶,0
886,酒捞矾宏俊肺胶酿,0
887,酒捞冀胶胶鸥,0
888,酒捞力捞冀胶,0
889,酒老矾宏冀胶萍厚,0
890,舅个,0
891,局肺,0
892,局肺康拳,0
893,局付何牢,0
894,局磊概,0
895,具霸烙,0
896,具霸烙令村齿,0
897,具白,0
898,具悼,0
899,具悼霸矫魄,0
900,具荤,0
901,具汲,0
902,具汲傍累家,0
903,具汲脚拳,0
904,具汲狼巩,0
905,具矫,0
906,具矫25TV,0
907,具矫MTV,0
908,具矫molca,0
909,具矫吧,0
910,具矫操府,0
911,具矫匙,0
912,具矫赤,0
913,具矫珐农,0
914,具矫冯,0
915,具矫矫,0
916,具矫姆,0
917,具矫内府酒,0
918,具局聪,0
919,具坷捞,0
920,具窍匙,0
921,具窍促,0
922,具茄,0
923,具茄芭,0
924,具茄吧,0
925,具茄巴,0
926,具茄霸烙,0
927,具茄弊覆,0
928,具茄仇,0
929,具茄仇SEX,0
930,具茄穿靛,0
931,具茄悼康惑,0
932,具茄父拳,0
933,具茄广,0
934,具茄广TV,0
935,具茄广萍宏捞,0
936,具茄荤捞飘,0
937,具茄荤柳,0
938,具茄家汲,0
939,具茄碱村哪,0
940,具茄康拳,0
941,具茄捞具扁,0
942,具茄努反,0
943,具秦,0
944,具秦夸,0
945,绢代飘10000,0
946,绢代飘TV,0
947,绢代飘扼捞橇,0
948,绢代飘罚靛,0
949,绢代飘冀矫己牢康拳包,0
950,绢代飘粮,0
951,绢代飘玫荤TV,0
952,绢代飘内雇敲矾胶,0
953,绢代飘啪10,0
954,绢代飘乔酒,0
955,俊肺,0
956,俊肺2002,0
957,俊肺2030,0
958,俊肺69,0
959,俊肺69TV,0
960,俊肺79,0
961,俊肺吧令,0
962,俊肺霸捞飘,0
963,俊肺霸烙,0
964,俊肺包,0
965,俊肺必厘,0
966,俊肺聪迄,0
967,俊肺村哪,0
968,俊肺寸,0
969,俊肺单捞,0
970,俊肺悼,0
971,俊肺悼康惑,0
972,俊肺叼厚,0
973,俊肺公厚,0
974,俊肺拱,0
975,俊肺孤流厚叼坷,0
976,俊肺官促,0
977,俊肺规萍宏,0
978,俊肺硅快,0
979,俊肺厚,0
980,俊肺厚叼坷,0
981,俊肺厚救唱捞飘,0
982,俊肺讥,0
983,俊肺技老,0
984,俊肺冀胶TV,0
985,俊肺家扼啊捞靛,0
986,俊肺碱,0
987,俊肺胶,0
988,俊肺胶TV,0
989,俊肺胶单捞,0
990,俊肺胶酒矫酒,0
991,俊肺胶犁埔,0
992,俊肺胶内府酒,0
993,俊肺胶酿,0
994,俊肺胶鸥,0
995,俊肺胶鸥老,0
996,俊肺胶其既,0
997,俊肺胶器蜡,0
998,俊肺矫匙付,0
999,俊肺矫救村哪,0
1000,俊肺矫萍,0
1001,俊肺揪匙,0
1002,俊肺酒矫酒,0
1003,俊肺矩冀胶,0
1004,俊肺具,0
1005,俊肺俊胶,0
1006,俊肺浚炼捞,0
1007,俊肺康拳,0
1008,俊肺康拳包,0
1009,俊肺棵,0
1010,俊肺客捞橇,0
1011,俊肺捞宏,0
1012,俊肺粮,0
1013,俊肺林,0
1014,俊肺迷康泅厘,0
1015,俊肺墨,0
1016,俊肺努腐,0
1017,俊肺捧蜡,0
1018,俊肺平内府酒,0
1019,俊肺颇农,0
1020,俊肺菩萍矫,0
1021,俊肺埔萍,0
1022,俊肺敲贰浆,0
1023,俊肺鞘抚,0
1024,竣胶畴宏扼,0
1025,竣胶葛炮,0
1026,竣胶捧绢代飘,0
1027,浚磐盲澄,0
1028,咯己己牢侩前,0
1029,咯己磊困扁备,0
1030,咯磊焊瘤,0
1031,楷牢荤捞己牢讥,0
1032,勘扁俊肺,0
1033,勘扁利牢冀胶,0
1034,坷唱聪,0
1035,坷凡冀胶,0
1036,坷坊瘤具悼,0
1037,坷福啊硫,0
1038,坷付淬,0
1039,坷付捞俊肺,0
1040,坷付捞器福畴,0
1041,坷狐酒颇,0
1042,坷狐酒颇村哪,0
1043,坷狐酒欺,0
1044,坷荤墨冀胶,0
1045,坷己牢,0
1046,坷冀胶,0
1047,坷冀胶具,0
1048,坷冀胶抛饭厚,0
1049,坷抗己牢康拳,0
1050,坷捞冀胶,0
1051,坷纳捞冀胶,0
1052,坷纳捞冀胶TV,0
1053,坷纳捞冀胶molca器福畴,0
1054,坷纳捞冀胶萍厚,0
1055,渴哈扁扁,0
1056,渴哈扁扁霸烙,0
1057,客快冀胶,0
1058,空啊胶,0
1059,侩林榜,0
1060,快扼夯冀胶内府酒,0
1061,匡飘扼冀胶力埔,0
1062,盔炼背力,0
1063,岿靛冀胶,0
1064,昆冀胶内府酒,0
1065,蜡龋鞘抚,0
1066,篮蝴岸矾府,0
1067,澜葛,0
1068,捞馆己牢侩前隔,0
1069,捞冀胶,0
1070,捞铰锐,0
1071,牢冀胶69,0
1072,牢磐齿己牢规价,0
1073,老夯悼康惑,0
1074,老夯噶啊,0
1075,老夯固家赤,0
1076,老夯磺福畴,0
1077,老夯己牢父拳,0
1078,老夯己牢规价,0
1079,老夯冀胶,0
1080,老夯器福畴,0
1081,磊困,0
1082,磊困扁备,0
1083,磊困纠,0
1084,磊困侩前,0
1085,磊困内府酒,0
1086,磊困青困,0
1087,磊瘤,0
1088,犁埔付唱,0
1089,犁埔父拳,0
1090,犁埔埔萍,0
1091,沥仿碍拳侩前,0
1092,沥仿埔萍,0
1093,沥仿器呕,0
1094,沥荤纠葛澜,0
1095,沥荤盲澄,0
1096,沥技锐,0
1097,沥剧,0
1098,沥快己牢侩前傈巩痢,0
1099,力捞力捞老夯己牢父拳,0
1100,凉扼具茄村哪,0
1101,量拱,0
1102,亮篮积劝己牢侩前,0
1103,柳档锐,0
1104,柳林锐,0
1105,骂骂,0
1106,盲澄饭靛TV,0
1107,眉困,0
1108,眉困悼康惑,0
1109,墨冀胶,0
1110,漠扼冀胶,0
1111,内府酒己牢啊捞靛,0
1112,内府酒冀胶,0
1113,内府酒冀胶讥,0
1114,内府酒胶飘赋村哪,0
1115,内府酒竣胶颇老,0
1116,内府酒器肺畴,0
1117,内府救吧胶,0
1118,内冀胶,0
1119,能导,0
1120,能导唱扼,0
1121,能导蹿磐,0
1122,能导隔,0
1123,能导抗胶,0
1124,能导乔酒,0
1125,捻虐吧,0
1126,酿俊肺,0
1127,农覆吧,0
1128,努反AV胶鸥,0
1129,努反俊肺,0
1130,懦傅萍厚,0
1131,鸥何内府酒,0
1132,配呕俊肺,0
1133,捧矩捧悼芭努反,0
1134,飘困胶飘辫,0
1135,飘困胶飘辫冀胶内府酒,0
1136,飘困胶飘辫家扼啊捞靛,0
1137,飘困胶飘糯,0
1138,漂荐能导,0
1139,菩记矩冀胶,0
1140,菩萍浆,0
1141,菩萍浆快刚,0
1142,埔萍牡叼,0
1143,其肺阁,0
1144,其萍吧,0
1145,其萍浆,0
1146,其萍浆矾宏,0
1147,其萍浆概芭柳,0
1148,其萍浆快刚,0
1149,其萍浆硫,0
1150,其萍浆内府酒,0
1151,其萍矫,0
1152,奇飘窍快胶,0
1153,器肺畴,0
1154,器福畴,0
1155,器福畴24矫,0
1156,器福畴CINEMA,0
1157,器福畴CNN,0
1158,器福畴TV,0
1159,器福畴bozi,0
1160,器福畴molca萍厚,0
1161,器福畴porno冀胶内府酒,0
1162,器福畴worldcup,0
1163,器福畴yadong,0
1164,器福畴yadong冀胶内府酒,0
1165,器福畴弊扼乔,0
1166,器福畴肺,0
1167,器福畴付唱,0
1168,器福畴父拳,0
1169,器福畴官促,0
1170,器福畴荤柳,0
1171,器福畴技惑,0
1172,器福畴冀胶,0
1173,器福畴冀胶TV,0
1174,器福畴冀胶付唱,0
1175,器福畴冀胶家扼啊捞靛,0
1176,器福畴冀胶内府酒,0
1177,器福畴冀胶内府酒家扼啊捞靛,0
1178,器福畴冀胶飘困胶飘辫,0
1179,器福畴诀,0
1180,器福畴坷迫迫,0
1181,器福畴岿靛,0
1182,器福畴笼村哪,0
1183,器福畴玫惫,0
1184,器福畴玫荤,0
1185,器福畴抛捞橇,0
1186,器福畴抛涝,0
1187,器福畴抛蕾,0
1188,器福畴萍厚2580,0
1189,器福畴颇萍,0
1190,器福畴敲饭捞焊捞,0
1191,器福肺,0
1192,器墨府冀胶,0
1193,橇府冀胶讥,0
1194,橇府冀胶己牢侩前,0
1195,橇府冀胶内府酒,0
1196,敲贰捞焊捞,0
1197,敲饭捞焊捞,0
1198,敲饭捞焊捞2030,0
1199,敲饭捞焊捞家扼啊捞靛,0
1200,敲饭捞焊捞柯扼牢,0
1201,敲饭捞焊炼俺,0
1202,敲饭捞焊瘤,0
1203,敲饭捞冀胶,0
1204,乔烙扁备,0
1205,乔烙侩前,0
1206,俏农穿靛讥,0
1207,俏农冀胶讥,0
1208,俏农内府酒,0
1209,窍靛内绢,0
1210,窍府荐穿靛,0
1211,窍捞炮己牢CLUB+19,0
1212,茄臂冀胶荤捞飘,0
1213,茄臂冀胶内府酒,0
1214,茄胶抛捞己牢,0
1215,侵档弊TV,0
1216,侵己牢侩前,0
1217,侵冀胶,0
1218,侵冀胶犁埔,0
1219,侵冀胶内府酒,0
1220,侵器福畴,0
1221,侵器福畴冀胶,0
1222,亲巩冀胶,0
1223,秦利,0
1224,秦乔单捞21己牢侩前,0
1225,秦乔捧冀胶,0
1226,氢扁能导,0
1227,庆扼矾宏讥,0
1228,穷鸥捞,0
1229,穷鸥捞噶啊,0
1230,秋肺快能导,0
1231,秋橇冀胶,0
1232,权冀胶TV,0
1233,拳捞飘冀胶扼牢,0
1234,饶捞令冀胶,0
1235,饶厘,0
1236,壬媚焊扁,0
1237,洒电器福畴,0
1238,技锐匙,0
1239,seheene,0
1240,技锐匙吕齿,0
1241,公厚空,0
1242,av硅快,0
1243,泪瘤父拳,0
1244,具汲家扼狼啊捞靛,0
1245,冀矫赤荤柳,0
1246,泪瘤,0
1247,uh-oh.com,0
1248,咯己磊困矫措,0
1249,www.uh-oh.com,0
1250,bubunara,0
1251,傍楼己牢轿捞飘,0
1252,后具客饭令,0
1253,内冀胶齿,0
1254,碍眠具悼,0
1255,纳捞冀胶,0
1256,渴哈扁扁霸烙磊脚乐绰,0
1257,x386,0
1258,k剧厚叼坷,0
1259,tprtm,0
1260,糠扁己牢悼康惑,0
1261,泪瘤判霸烙,0
1262,己牢荤捞飘皋肺唱,0
1263,K剧,0
1264,皋肺唱冀胶,0
1265,live10tv.com,0
1266,渴哈扁扁霸烙棱瘤,0
1267,档撵付唱,0
1268,www.sex2848.com,0
1269,霸矫魄冀胶,0
1270,家扼狼,0
1271,冀胶粮,0
1272,魂家客饭令,0
1273,具茄芭国馋国馋,0
1274,冀矫器蜡,0
1275,茄惫具悼,0
1276,滴滴客饭令,0
1277,冀胶噶啊,0
1278,具白usa,0
1279,器畴,0
1280,具茄霸烙父巢狼厘家,0
1281,炼里捞.泪瘤.虐胶,0
1282,泪瘤hentai,0
1283,咯磊渴哈扁扁霸烙,0
1284,季胶叼胶,0
1285,季胶叼胶公厚,0
1286,窍家楷,0
1287,己泅酒穿靛,0
1288,己泅酒穿靛笼,0
1289,俊肺虐困,0
1290,篮林炼肮混,0
1291,弧埃泵淡捞,0
1292,官何客饭令,0
1293,寸辟客饭令,0
1294,霸烙客饭令,0
1295,穿靛葛胆啊瓷秦,0
1296,己牢皋肺唱,0
1297,快扁客饭令,0
1298,己泅酒穿靛荤柳,0
1299,采霸客饭令,0
1300,努腐客饭令,0
1301,皋肺唱,0
1302,具捻福飘客饭令,0
1303,坷酒矫胶吧,0
1304,胶墨捞客饭令,0
1305,脚付淬客饭令,0
1306,钒虐客饭令,0
1307,己牢规价69盲澄,0
1308,具茄仇勘扁,0
1309,客饭令内府酒,0
1310,快扁狼弥碍客饭令,0
1311,技锐齿,0
1312,客饭令侩,0
1313,客饭令79,0
1314,居付客饭令,0
1315,胶穿乔具悼,0
1316,穿靛农肺虐,0
1317,59time,0
1318,傍林具悼,0
1319,客贰令$叼酒喉肺,0
1320,俊肺胶配配,0
1321,喉风客饭令,0
1322,www.live10tv.com,0
1323,虐困客饭令,0
1324,康拳客饭令,0
1325,www.sex012.com,0
1326,2040love,0
1327,己泅酒穿滴笼,0
1328,缴付淬,0
1329,霸矫魄酒悼,0
1330,堡斥捞焊瘤,0
1331,绢滴框客饭令,0
1332,箕刚客饭令,0
1333,冀矫悼康惑己积劝,0
1334,父滴客饭令,0
1335,ya-han,0
1336,措冠客饭令,0
1337,脚付淬pds,0
1338,69tv,0
1339,备港具悼,0
1340,worldsex.com,0
1341,弥碍客饭令,0
1342,霸矫魄己泅酒,0
1343,sexy588,0
1344,隔墨齿,0
1345,客饭令啪,0
1346,己泅酒穿靛岸矾府,0
2185,5瘤备,0
2186,5瘤绊,0
2187,5瘤匙,0
2188,o脸,0
2189,o瘤备,0
2190,o瘤绊,0
2191,o瘤匙,0
2192,じ府,0
2193,G府,0
2194,Z府,0
2195,赣府胖,0
2196,律促,0
2197,货尝扼,0
2198,第瘤辨,0
2199,第柳促,0
2200,第龙,0
2201,叼脸,0
2202,叼龙,0
2203,谍斥,0
2204,档扼捞,0
2205,妒酒捞,0
2206,港没,0
2207,佃焊,0
2208,墩赴涝,0
2209,扼搁岸,0
2210,繁斥,0
2211,饭1模,0
2212,饭扁鞍,0
2213,饭扁匙,0
2214,饭扁促,0
2215,饭模,0
2216,芬甸,0
2217,けず,0
2218,け模,0
2219,噶倒,0
2220,阜郴柜,0
2221,冈1陛,0
2222,冈陛,0
2223,冈阐,0
2224,け.ぁ,0
2225,冈.陛,0
2226,冈.阐,0
2227,==,0
2228,港港家府,0
2229,港家府,0
2230,港港捞家府,0
2231,疙粮,0
2232,公俺充,0
2233,构贰绰,0
2234,构烙,0
2235,构历贰,0
2236,购贾,0
2237,薤Q,0
2238,弈,0
2239,固1模,0
2240,固矫模惯,0
2241,固匙,0
2242,固闷唱,0
2243,固闷聪,0
2244,固渺,0
2245,固Q,0
2246,固模せ,0
2247,固模货,0
2248,固模祸,0
2249,磷咯滚府绊,0
2250,磷咯谎绊,0
2251,磷咯阂绊,0
2252,固凭,0
2253,棺腮,0
2254,げぉ,0
2255,げず,0
2256,げ农,0
2257,惯仇,0
2258,喊芒,0
2259,捍1脚,0
2260,捍1农,0
2261,捍咐,0
2262,捍农,0
2263,洪脚,0
2264,狐钮,0
2265,坏痹,0
2266,坏钮,0
2267,欢蜡,0
2268,欢钮,0
2269,n钮,0
2270,焕钮,0
2271,簧货,0
2272,簧技,0
2273,ご,0
2276,さ.げ,0
2277,さ1げ,0
2278,さ1惯,0
2279,さあ匙,0
2280,さあ甸,0
2281,さ风,0
2282,させ,0
2283,さぱ风,0
2284,货1尝,0
2285,货1虐,0
2286,货77び,0
2287,货柠,0
2288,货,0
2289,货虐,0
2290,祸锐,0
2291,祸洒,0
2292,贡,0
2293,谷,0
2294,姬斥,0
2295,绩虐,0
2296,级件捞,0
2297,己鲍,0
2298,贾1模,0
2299,贾模,0
2300,荐霖窍绊绰,0
2301,浆捞官,0
2302,浆捞捞,0
2303,浆捞捞捞,0
2304,酱1惯,0
2305,酱饭扁,0
2306,酱惯,0
2307,酱び惯,0
2308,胶.风,0
2309,胶ぉぬ,0
2310,胶了,0
2311,胶鸥了惫,0
2312,郊惑丛,0
2313,悦,0
2314,矫1惯,0
2315,捞货尝,0
2316,矫固惯模,0
2317,矫固模惯,0
2318,矫货惯尝,0
2319,揪货惯尝,0
2320,矫何匡,0
2321,矫规货,0
2322,矫国攀,0
2323,矫杭攀,0
2324,矫弧,0
2325,矫捞惯,0
2326,矫模惯固,0
2327,矫虐啊,0
2328,矫迫,0
2329,芭瘤鞍篮,0
2330,唱慧货尝,0
2331,促波廉,0
2332,绞芒,0
2333,绞迫,0
2334,ざ1お,0
2335,ざ1げ,0
2336,ざぉぁ,0
2337,ざお,0
2338,ざげ,0
2339,轿啊瘤绝,0
2340,截尝,0
2341,y尝,0
2342,静1饭扁,0
2343,静泛,0
2344,泵,0
2345,揪1惯,0
2346,揪官扼,0
2347,揪国攀,0
2348,揪杭攀,0
2349,揪弧,0
2350,矫官居,0
2351,矫官矫官,0
2352,浆惯,0
2353,媚付,0
2354,俺录,0
2355,俺鞍,0
2356,げけぁ,0
2357,贸冈,0
2358,揪捞惯,0
2359,久蓖,0
2360,久傣,0
2361,揪狐狐,0
2362,荤货尝,0
2185,练鞍,0
2186,芒赤,0
2363,揪官舅,0
2364,久摹,0
2365,しそずぜ,0
2366,しぢ慧,0
2367,酒蹿,0
2368,酒坷矫官,0
2369,救拱救泵,0
2370,沮芒,0
2371,娟悔,0
2372,娟慧,0
2373,P,0
2374,骏恒脚,0
2375,骏脚,0
2376,骏葫脚,0
2377,骏积,0
2378,骏芒,0
2379,砍捞唱,0
2380,抗.龙,0
2381,抗1龙,0
2382,抗龙,0
2383,考捍,0
2384,坷农,0
2385,恐历烦,0
2386,寇1柠,0
2387,寇柠,0
2388,篮斥,0
2389,捞蝶困,0
2390,牢埃富辆,0
2391,扉扉,0
2392,扉ぱ,0
2393,涝判,0
2394,じい,0
2395,じ.い,0
2396,ぁぇ,0
2397,じぉ,0
2398,磊诀磊垫,0
2399,累累,0
2400,肋肚,0
2401,历蝶困,0
2402,例扼,0
2403,沥冻,0
2404,沥脚唱矮,0
2405,沥脚唱艾,0
2406,怜E,0
2407,涟扼,0
2408,涟府,0
2409,脸鞍篮,0
2410,炼辰,0
2411,炼抽,0
2412,炼柯,0
2413,炼柯唱,0
2414,练鳖,0
2415,吝赋面,0
2416,粮唱,0
2419,粮.唱,0
2420,粮1,0
2421,粮1唱,0
2422,粮蓖,0
2423,粮,0
2424,粮い唱,0
2425,JMT,0
2426,岭郴,0
2427,粮滚,0
2428,粮郴,0
2429,粮度,0
2430,粮咐,0
2431,粮岗,0
2432,粮饺,0
2433,粮疥,0
2434,粮,0
2435,粮抗,0
2436,粮眶,0
2437,粮肋,0
2438,粮离,0
2439,粮亮,0
2440,粮飘,0
2441,凉蓖,0
2442,凉,0
2443,凉咐,0
2444,凉岗,0
2445,凉饺,0
2446,凉抗,0
2447,凉眶,0
2448,凉离,0
2449,凉亮,0
2450,良逛,0
2451,辆唱,0
2452,I,0
2453,jot鞍,0
2454,鞍,0
2455,轿拱绢,0
2456,酒啊府,0
2457,蹿媚扼,0
2458,揪滚烦,0
2459,俺静贰扁,0
2460,静贰扁鞍,0
2461,量鳖,0
2462,烈辰,0
2463,烈柯唱,0
2464,猎唱,0
2465,猎郴,0
2466,琳唱,0
2467,磷绢滚妨,0
2468,玲鞍篮,0
2469,零饿,0
2470,岭唱,0
2471,岭聪,0
2472,岭飘,0
2473,p饿,0
2474,瘤1饿,0
2475,瘤汾,0
2476,瘤1汾,0
2477,瘤铂捞,0
2478,兑迭,0
2479,贿捌,0
2480,瘤费,0
2481,す,0
2482,客操,0
2483,さぜず,0
2484,ぞぜず,0
2485,そぜず,0
2486,俺伙己,0
2487,裁单,0
2488,炉柄,0
2489,炉膊,0
2490,律抽,0
2491,率1官府,0
2492,率官府,0
2493,率惯,0
2494,滤咐,0
2495,滤1,0
2496,滤蓖,0
2497,X,0
2498,卵鞍,0
2499,g肋,0
2500,i,0
2501,n龙,0
2502,骂1龙,0
2503,嘛嘛捞,0
2504,捞,0
2505,芒斥,0
2506,芒仇,0
2507,羧,0
2508,霉狐,0
2509,媚冈,0
2510,媚惯扼,0
2511,秒じ,0
2512,秒两,0
2513,模斥,0
2514,模仇,0
2515,模畴付,0
2516,刨蓖,0
2517,刨傣,0
2518,佩叼,0
2519,颇1模,0
2520,颇模,0
2521,乔氮,0
2522,乔X,0
2523,乔叼俊橇,0
2524,乔叼,0
2525,乔内,0
2526,乔秦磊内胶橇饭,0
2527,俏1橇,0
2528,俏芭橇赴技胶,0
2529,俏橇,0
2530,ぞこ,0
2531,且腹窍臼,0
2532,且富窍臼,0
2533,顷家府,0
2534,区籍,0
2535,货.尝,0
2536,拳扯斥,0
2537,拳成斥,0
2538,饶.妨,0
2539,饶1妨,0
2540,饶1弧,0
2541,饶妨,0
2542,饶弧,0
2543,券戈,0
2544,券1戈,0
2550,第瘤绊,0
2547,炬凳,0
2549,第瘤绊,0
1347,具悼磊丰角,0
1348,咯绊具悼,0
1349,蜡刮穿靛荤柳,0
1350,炔荐沥具悼,0
1351,霸矫魄sex,0
1352,悼芭荤捞飘,0
1353,霸矫魄客饭令,0
1354,啊矫唱客饭令,0
1355,绢狄客饭令,0
1356,客饭令荤捞飘,0
1357,客饭令霸烙,0
1358,秦利客饭令,0
1359,腔傈客饭令,0
1360,蜡瓶客饭令,0
1361,颇尔货客饭令,0
1362,快扁狼客饭令,0
1363,部膊客饭令,0
1364,固家赤荤柳,0
1365,犬馋捞客饭令,0
1366,酿客饭令,0
1367,蹬瘤客饭令,0
1368,宏扼款客饭令,0
1369,钒虐岿靛客饭令,0
1370,公丰客饭令,0
1371,曼摹客饭令,0
1372,客饭令鸥款,0
1373,皋肺唱.co.kr,0
1374,いぇぜ,0
1375,盔炼tv,0
1376,糊锰,0
1377,匡飘扼筋技瘤,0
1378,匡飘扼家技瘤,0
1379,格垮帕隔墨,0
1380,篮林炼俺混,0
1381,豪槛捞,0
1382,live69tv,0
1383,坷泅版厚叼坷,0
1384,部眠,0
1385,局公,0
1386,客饭令,0
1387,warez,0
1388,坷饭令,0
1389,坷饭令客饭令,0
1390,凉扼盖端乔窍扁霸烙促款肺靛,0
1391,炉客饭令,0
1392,炉客饭令村哪,0
1393,h剧厚叼坷,0
1394,h剧,0
1395,蝶公扼,0
1396,公丰器福畴荤捞飘,0
1397,具秦夸具悼,0
1398,具矫操府村哪,0
1399,h剧冀胶厚叼坷,0
1400,穿靛爸矾府,0
1401,具耽,0
1402,固具府具悼,0
1403,己牢迄泼,0
1404,己牢固泼,0
1405,己牢锅俺,0
1406,己牢父巢,0
1407,己牢傈拳,0
1408,己牢骸俺,0
1409,己牢欧墨,0
1410,己牢凝墨,0
1411,凉扼冀胶,0
1412,犁国叠器福畴,0
1413,犁国器福畴,0
1414,叠器福畴,0
1415,犁国叠悼康惑,0
1416,咐乐绰冀胶,0
1417,咐乐绰冀胶弊府绊荤尔,0
1418,固揪锰,0
1419,鼻刮吝穿靛,0
1420,鼻刮吝穿靛笼,0
1421,捞宏狼垮噶,0
1422,悼芭,0
1423,迄冀胶,0
1424,傈拳规,0
1425,锅俺泼,0
1426,迄泼,0
1427,背力舅急,0
1428,努府配府胶,0
1429,器福畴荤捞飘,0
1430,己牢沥焊八祸,0
1431,己牢傈侩辑厚胶,0
1432,蝶公扼具悼,0
1433,畴埔萍,0
1434,掉档,0
1435,付胶磐海捞记,0
1436,噶鳖,0
1437,赣聪清磐,0
1438,羔挤,0
1439,隔贰,0
1440,官备府,0
1441,广老,0
1442,锅祸,0
1443,夯叼瘤,0
1444,何饿,0
1445,葫脚,0
1446,狐吧,0
1447,狐操府,0
1448,狐扼,0
1449,狐扼拎,0
1450,弧埃付饶扼,0
1451,弧碍付饶扼,0
1452,弧扁,0
1453,弧绢,0
1454,华焊瘤,0
1455,磺肺畴,0
1456,荤鳖摹,0
1457,祸榜,0
1458,己皑措,0
1459,己积劝,0
1460,技竣,0
1461,冀榜,0
1462,冀赤,0
1463,冀档快令,0
1464,冀公厚,0
1465,冀焊瘤,0
1466,冀家府,0
1467,冀萍琉,0
1468,冀且,0
1469,碱欧,0
1470,荐鸥欧,0
1471,胶飘赋兢,0
1472,胶酿吧,0
1473,劫胶,0
1474,俊聪啪,0
1475,具驳,0
1476,具端,0
1477,具冀,0
1478,康拌,0
1479,坷饿,0
1480,蜡蕊,0
1481,腊豪,0
1482,棱斥,0
1483,棱仇,0
1484,犁饿,0
1485,历斥,0
1486,沥荤,0
1487,炼风,0
1488,i,0
1489,农府配府胶,0
1490,其聪胶,0
1491,菩萍矫,0
1492,其泼,0
1493,奇萍,0
1494,畦导,0
1495,畦挤,0
1496,器福蠢,0
1497,勤鸥捞,0
1498,丘鸥捞,0
1499,龋狐,0
1500,去澜,0
1501,bdsm,0
1502,bo瘤,0
1503,bozi,0
1504,c2joy,0
1505,dildo,0
1506,haduri,0
1507,hardcore,0
1508,hentai,0
1509,IJ,0
1510,jaji,0
1511,jgirls,0
1512,kgirls,0
1513,nallari,0
1514,playbog,0
1515,porn,0
1516,1090tv,0
1517,2c8,0
1518,99bb,0
1519,刮纪具汲,0
1520,焊窿,0
1521,狐奔,0
1522,狐鉴捞,0
1523,弧酒,0
1524,坏欧,0
1525,荐埃,0
1526,劫浆,0
1527,疥馋,0
1528,客贰令,0
1529,局澄,0
1530,坷凡,0
1531,腊癌,0
1532,辣埃,0
1533,澜垮,0
1534,澜帕,0
1535,律啊府,0
1536,哪冀,0
1537,迄祸,0
1538,龋胶飘狐,0
1539,fuck,0
1540,gangbang,0
1541,jfantasy,0
1542,jasal,0
1543,playbozi,0
1544,prno,0
1545,蓖滴,0
1546,备港,0
1547,抄背,0
1548,档迷,0
1549,官捞宏饭捞磐,0
1550,阂符,0
1551,坏福呈,0
1552,坏福畴,0
1553,还畴,0
1554,磺福呈,0
1555,磺瘤,0
1556,皇畴,0
1557,火涝,0
1558,祸静,0
1559,冀茎,0
1560,冀静,0
1561,荐澜,0
1562,胶呈橇,0
1563,胶恳,0
1564,局咀,0
1565,竣胶磐矫,0
1566,具辟捍悼,0
1567,澜鄂,0
1568,澜何,0
1569,捞馆,0
1570,隶,0
1571,弥澜力,0
1572,摹付加,0
1573,菩聪胶,0
1574,埔萍,0
1575,欺福畴,0
1576,器版,0
1577,器福呈,0
1578,迄,0
1579,洒肺煌,0
1580,asiangirl,0
1581,ecstasy,0
1582,hidden,0
1583,oral,0
1584,penis,0
1585,penthouse,0
1586,porner,0
1587,suck,0
1588,swaping,0
1589,持绢拎,0
1590,公昏力盔魄,0
1591,祸赤,0
1592,两拱,0
1593,硼企捞惯家,0
1594,焊窿拱,0
1595,公丰己牢家汲,0
1596,久拱,0
1597,胶客俏葛烙,0
1598,何何背券冀胶,0
1599,冀胶唱捞飘,0
1600,冀胶版氰淬,0
1601,sora's,0
1602,豪槛捞具悼,0
1603,焊瘤弧扁,0
1604,咯磊渴哈扁扁,0
1605,迄冀,0
1606,姆弧,0
1607,辫肯急穿靛,0
1608,辫肯急穿靛笼,0
1609,捞驱康穿靛,0
1610,捞驱康穿靛笼,0
1611,捞林泅穿靛,0
1612,捞林泅穿靛笼,0
1613,捞林泅nude,0
1614,辫肯急nude,0
1615,捞驱康nude,0
1616,捞瘤泅穿靛,0
1617,捞瘤泅穿靛笼,0
1618,瘤泅穿靛笼,0
1619,捞瘤泅穿靛荤柳,0
1620,捞瘤泅穿靛基敲,0
1621,拳惑迄泼,0
1622,萍南促规,0
1623,咯磊蝶冈扁,0
1624,焊瘤冈扁,0
1625,焊瘤蝶扁,0
1626,器福畴虐困,0
1627,器福畴硅快,0
1628,己牢器福畴,0
1629,傍楼器福畴,0
1630,器福畴胶鸥,0
1631,茄惫器福畴,0
1632,器福畴厚叼坷,0
1633,归瘤康器福畴,0
1634,器福畴磊虐,0
1635,浇覆其萍浆,0
1636,公丰其萍浆,0
1637,胶鸥欧其萍浆,0
1638,公丰己牢霸矫魄,0
1639,磊困规过,0
1640,咯磊磊困,0
1641,拳厘角隔墨,0
1642,隔墨悼康惑,0
1643,咯绊积隔墨,0
1644,隔墨府胶飘,0
1645,胶客俏隔墨,0
1646,捞惯家隔墨,0
1647,隔墨荤柳,0
1648,隔墨荤捞飘,0
1649,归瘤康隔墨,0
1650,函怕荤柳,0
1651,函怕霸烙,0
1652,函怕父拳,0
1653,函怕捞具扁,0
1654,函怕冀胶,0
1655,函怕荤捞飘,0
1656,酒淋付焊瘤,0
1657,酒淋付冀胶,0
1658,酒淋付其萍浆,0
1659,酒淋付具悼,0
1660,磊瘤判,0
1661,焊瘤磊瘤,0
1662,磊瘤弧扁,0
1663,庆绢穿靛,0
1664,巢磊穿靛,0
1665,楷抗牢穿靛,0
1666,技固穿靛,0
1667,绊家康穿靛,0
1668,伎橇穿靛,0
1669,公丰穿靛,0
1670,捞瓤府穿靛,0
1671,捞驱康穿靛荤柳,0
1672,穿靛悼康惑,0
1673,捞庆康穿靛,0
1674,咯磊穿靛,0
1675,巢己穿靛,0
1676,具汲霸矫魄,0
1677,家扼具汲,0
1678,公丰己牢具汲,0
1679,家扼狼具汲,0
1680,具汲废,0
1681,傍楼具汲,0
1682,家扼啊捞靛具汲,0
1683,家扼狼具汲啊捞靛,0
1684,家扼具汲傍累家,0
1685,具茄固家赤,0
1686,固酒府具悼,0
1687,狐备府具悼,0
1688,公丰冀胶其萍浆,0
1689,窃家盔穿靛,0
1690,窃家盔,0
1691,窃家盔穿靛笼,0
1692,窃家盔nude,0
1693,家盔穿靛,0
1694,家盔穿靛笼,0
1695,窃家盔庆绢穿靛,0
1696,窃家盔穿靛荤柳,0
1697,窃家盔穿滴,0
1698,窃家盔穿靛焊扁,0
1699,磊混,0
1700,澜刀,0
1701,没魂啊府,0
1702,没魂啊风,0
1703,抛付讥,0
1704,抛付隔,0
1705,抛付啊霸,0
1706,抛付惑痢,0
1707,葛官老隔,0
1708,葛官老讥,0
1709,宏罚靛讥,0
1710,胶鸥讥,0
1711,急拱惑痢,0
1712,澜馆惑痢,0
1713,澜厩惑痢,0
1714,墨其惑痢,0
1715,鳖其惑痢,0
1716,墨菩惑痢,0
1717,澜馆啊霸,0
1718,澜馆讥,0
1719,澜馆隔,0
1720,脚绊季磐,0
1721,孤流讥,0
1722,孤流隔,0
1723,澜厩讥,0
1724,澜厩啊霸,0
1725,澜厩隔,0
1726,快荐绊按,0
1727,档快固,0
1728,绊按季磐,0
1729,绊按季鸥,0
1730,绊按击磐,0
1731,绊按击鸥,0
1732,且牢捻迄,0
1733,墨其隔,0
1734,墨其讥,0
1735,鳖其隔,0
1736,鳖其讥,0
1737,墨菩隔,0
1738,鳖菩隔,0
1739,鳖菩讥,0
1740,某腐磐隔,0
1741,某腐磐讥,0
1742,纳腐磐隔,0
1743,纳腐磐讥,0
1744,霸烙赣聪,0
1745,啊霸林牢,0
1746,扁橇飘讥,0
1747,扁橇飘隔,0
1748,酒捞袍讥,0
1749,酒捞袍隔,0
1750,酒官鸥讥,0
1751,酒官鸥隔,0
1752,蔫胶玫盖,0
1753,蔫胶玫吧,0
1754,涅胶玫盖,0
1755,涅胶玫吧,0
1756,急拱啊霸,0
1757,急拱隔,0
1758,急拱讥,0
1759,酒官鸥,0
1760,林牢厘,0
1761,喉肺芭,0
1762,喉肺彪,0
1763,阂肺芭,0
1764,阂肺彪,0
1765,杭肺芭,0
1766,杭肺彪,0
1767,杭福芭,0
1768,杭福彪,0
1769,阂福芭,0
1770,阂福彪,0
1771,喉肺弊,0
1772,喉福弊,0
1773,阂肺弊,0
1774,阂福弊,0
1775,杭肺弊,0
1776,杭福弊,0
1777,匙捞滚,0
1778,郴捞滚,0
1779,款康磊,0
1780,包府磊,0
1781,绢靛刮,0
1782,付胶磐,0
1783,浚俊摹浚,0
1784,浚俊摹矩,0
1785,浚局摹矩,0
1786,浚局摹浚,0
1787,矩俊摹浚,0
1788,矩俊摹矩,0
1789,矩局摹矩,0
1790,矩局摹浚,0
1791,浚俊秒浚,0
1792,浚俊秒矩,0
1793,浚局秒浚,0
1794,矩俊秒浚,0
1795,矩俊秒矩,0
1796,矩局秒矩,0
1797,矩局秒浚,0
1798,其捞欺,0
1799,瘤侥牢,0
1800,陵聪滚,0
1801,固令努反,0
1802,配农堡厘,0
1803,器配举裹,0
1804,付捞权,0
1805,浚皋芭柳,0
1806,矩皋芭柳,0
1807,浚概芭柳,0
1808,矩概芭柳,0
1809,固令匙,0
1810,虐况靛讥,0
1811,浚配捞,0
1812,弃俊滚,0
1813,弃局滚,0
1814,茄霸烙,0
1815,茄俺烙,0
1816,矩配捞,0
1817,喉肺弊揪,0
1818,概聪历,0
1819,皋聪历,0
1820,概聪廉,0
1821,皋聪廉,0
1822,胶徘,0
1823,胶跑,0
1824,哎焊,0
1825,俺斥,0
1826,俺仇,0
1827,俺搐,0
1828,俺焊瘤,0
1829,俺火斥,0
1830,俺货尝,0
1831,俺技捞,0
1832,俺溅捞,0
1833,俺磊侥,0
1834,俺磊瘤,0
1835,俺瘤饿,0
1836,鳖磊,0
1837,聪固,0
1838,聪固饿,0
1839,聪固凡,0
1840,聪局固,0
1841,聪俊固,0
1842,殿脚,0
1843,肚扼捞,0
1844,饭令厚攫,0
1845,羔冀,0
1846,巩冀,0
1847,固模逞,0
1848,固模斥,0
1849,固模仇,0
1850,固模搐,0
1851,锅冀,0
1852,锅劫,0
1853,捍脚,0
1854,何何背券,0
1855,阂舅,0
1856,糊快府,0
1857,糊匡,0
1858,货播,0
1859,货馋,0
1860,货馋巢,0
1861,货馋赤,0
1862,货尝,0
1863,祸巢,0
1864,祸迄,0
1865,己牢侩,0
1866,己牢棱瘤,0
1867,技播,0
1868,浆迫,0
1869,浆妻,0
1870,胶惯,0
1871,矫惯,0
1872,矫国,0
1873,矫颇,0
1874,矫妻,0
1875,绞迫陛,0
1876,街逞,0
1877,街斥,0
1878,街仇,0
1879,截,0
1880,截瘪,0
1881,截馋,0
1882,劫静,0
1883,劫迄,0
1884,洁,0
1885,洁逞,0
1886,洁斥,0
1887,洁仇,0
1888,警迫,0
1889,警妻,0
1890,静官,0
1891,竞婆,0
1892,揪官,0
1893,揪惯,0
1894,揪惯逞,0
1895,揪惯斥,0
1896,揪惯仇,0
1897,揪惯搐,0
1898,揪规,0
1899,揪规货,0
1900,揪滚凡,0
1901,揪国,0
1902,揪焊饿,0
1903,揪焊凡,0
1904,揪何饿,0
1905,揪何凡,0
1906,揪何府,0
1907,揪阂,0
1908,揪宏饿,0
1909,揪颇,0
1910,揪婆,0
1911,揪迫,0
1912,揪妻,0
1913,久焊瘤,0
1914,久货,0
1915,久货尝,0
1916,久祸,0
1917,久技,0
1918,久技捞,0
1919,久溅,0
1920,久溅捞,0
1921,久截,0
1922,久截扁,0
1923,久磊瘤,0
1924,久芒,0
1925,久攀,0
1926,久攀备府,0
1927,久迫,0
1928,久妻,0
1929,久且,0
1930,具姆,0
1931,盔炼,0
1932,盔炼背犁,0
1933,沥前霸烙,0
1934,隶怖瘤,0
1935,隶攀,0
1936,隶攀捞,0
1937,怜唱,0
1938,炼鳖,0
1939,凉扼,0
1940,两,0
1941,两唱,0
1942,两唱霸,0
1943,量,0
1944,量鞍,0
1945,量裁府,0
1946,量唱,0
1947,量唱霸,0
1948,量狐,0
1949,晾,0
1950,晾鞍,0
1951,晾裁妨,0
1952,晾裁府,0
1953,晾狐,0
1954,瘤饿,0
1955,瘤固饿,0
1956,眉葛,0
1957,姆祸,0
1958,姆冀,0
1959,哪祸,0
1960,迄劫,0
1961,龋肺货尝,0
1962,龋胶抛胶官,0
1963,龋胶飘官,0
1964,拳惑祸,0
1965,拳惑冀,0
1966,ぁしぇ,0
1967,？？,0
1968,鞍篮货尝,0
1969,俺.眶,0
1970,俺坷官,0
1971,皆,0
1972,俺埃,0
1973,烦甸,0
1974,矫何凡,0
1975,矫轰凡,0
1976,揪轰凡,0
1977,矫何纺,0
1978,矫轰纺,0
1979,揪何纺,0
1980,揪轰纺,0
1981,媚罐绰,0
1982,弊蝶备,0
1983,醋扁府,0
1984,胶国,0
1985,龋肺棱,0
1986,俺傍皑,0
1987,俺唱家唱,0
1988,俺齿,0
1989,俺充狐啊,0
1990,俺刀,0
1991,俺访,0
1992,俺噶,0
1993,俺公矫,0
1994,俺公侥,0
1995,俺刮企,0
1996,俺喊肺,0
1997,俺何饿,0
1998,俺糊,0
1999,俺荤捞促,0
2000,俺货扁,0
2001,,0
2002,俺冀,0
2003,俺祭,0
2004,俺家府,0
2005,俺奖,0
2006,俺饺,0
2007,俺,0
2008,俺捞坏,0
2009,俺捞惠,0
2010,俺抗坏,0
2011,俺抗慧,0
2012,俺抗惠,0
2013,俺眶,0
2014,俺捞垫,0
2015,俺捞悔,0
2016,俺离,0
2017,俺炼酒,0
2018,俺粮,0
2019,俺亮,0
2020,俺烈,0
2021,俺楼刘,0
2022,俺炉,0
2023,俺L,0
2024,俺戮,0
2025,俺驴,0
2026,俺塞甸,0
2027,拌货尝,0
2028,俺历揪,0
2029,辫摹赤,0
2030,妇面,0
2031,tlqkf,0
2032,wlfkf,0
2033,砍鞍,0
2034,粮倡,0
2035,传货,0
2036,俺曹,0
2037,瘤牢瘤炼,0
2038,隶鞍,0
2039,及,0
2040,蹿摹技,0
2041,俊扼捞啤,0
2042,俊扼捞,0
2043,酱国,0
2044,酱快国,0
2045,花篮,0
2046,花疽,0
2047,坷柳促,0
2048,坷廉,0
2049,榜后,0
2050,榜1后,0
2051,臂矾冈,0
2052,坷咙,0
2053,瘤甸捞,0
2054,傍俺贸屈,0
2055,包.辆,0
2056,包1辆,0
2057,包辆,0
2058,饱货尝,0
2059,备1久,0
2060,备久,0
2061,弊唱拱俊,0
2062,弊1脑,0
2063,弊蝶困,0
2064,弊瘤鞍,0
2065,弊脑,0
2066,必1区,0
2067,必区,0
2068,扁饭扁,0
2069,扁磊饭扁,0
2070,鳖郴府,0
2071,羁,0
2072,部扼瘤,0
2073,裁癌,0
2074,裁蔼,0
2075,裁滨,0
2076,裁尔,0
2077,裁焊扁,0
2078,裁浩扁,0
2079,い1しぁ,0
2080,いし1ぁ,0
2081,いしぁ,0
2082,唱;,0
2083,唱搁岸,0
2084,唱哗洁,0
2085,巢1楷岸,0
2086,巢1区,0
2087,巢しぁ,0
2088,巢楷1岸,0
2089,惩揪传,0
2090,斥仇,0
2091,畴公畴公,0
2092,畴舅扼,0
2093,辑摹秦,0
2094,俏掺,0
2095,畴牢匙,0
2096,畴模匙,0
2097,传彬颇,0
2098,刺,0
2099,刺固,0
2100,聪斥,0
2101,聪,0
2102,局固,0
2103,沮,0
2104,ぇしげ,0
2105,蹿1,0
2106,蹿2,0
2107,蹿傈,0
2108,蹿饶,0
2109,D,0
2110,措啊府,0
2111,赣哎,0
2112,措哎,0
2113,歹反匙,0
2114,沥捍,0
2115,兑硅扁,0
2116,代冻绢,0
2117,档儿,0
2118,档耳,0
2119,矫官舅,0
2120,档弗,0
2121,倒狙备父,0
2122,倒狙唱,0
2123,倒狙匙,0
2124,倒疽备父,0
2125,篮货尝,0
2126,倒疽唱,0
2127,倒疽匙,0
2128,付,0
2129,地廉,0
2130,第廉具,0
2131,静饭扁货,0
2132,久坏凡,0
2133,肚扼牢,0
2134,俺付捞,0
2135,浆滚,0
2136,固模俺,0
2137,锄乔既,0
2138,锄胖,0
2139,锄1胖,0
2140,锄俊,0
2141,第廉扼,0
2142,第廉滚,0
2143,揪还,0
2144,麦掳尝,0
2145,第廉具瘤,0
2146,第廉夸,0
2147,第脸,0
2148,第瘤摆,0
2149,第瘤绊酵,0
2150,叼瘤绊,0
2151,D瘤绊,0
2152,D零绊,0
2153,尝府尝府,0
2154,俺蹬瘤,0
2155,久给,0
2156,矫官幅,0
2157,矫官,0
2158,固模~,0
2159,矫官扼瘤,0
2160,俺鞍捞,0
2161,ssち,0
2162,噶秦扼,0
2163,糊货尝,0
2164,叼廉扼,0
2165,货尝具,0
2166,骂龙茄,0
2167,す龙茄,0
2168,酒坷さげ,0
2169,模备斥,0
2170,坷瘤绊,0
2171,坷瘤备,0
2172,坷瘤匙,0
2173,坷脸,0
2174,坷瘤绰,0
2175,坷骂绊,0
2176,坷骂备,0
2177,坷骂匙,0
2178,坷氯,0
2179,坷,0
2180,5瘤,0
2181,坷g,0
2182,坷z,0
2183,5,0
2184,5脸,0
