"NUM","CONTENT","CHANGE"
1085,"자위코리아","****아"
1086,"자위행위","***위"
1087,"자지","*지"
1088,"재팬마나","***나"
1089,"재팬만화","***화"
1090,"재팬팬티","***티"
1091,"정력강화용품","*****품"
1092,"정력팬티","***티"
1093,"정력포탈","***탈"
1094,"정사씬모음","****음"
1095,"정사채널","***널"
1096,"정세희","**희"
1097,"정양","*양"
1098,"정우성인용품전문점","********점"
1099,"제이제이일본성인만화","*********화"
1100,"졸라야한닷컴","*****컴"
1101,"좆물","*물"
1102,"좋은생활성인용품","*******품"
1103,"진도희","**희"
1104,"진주희","**희"
1105,"찌찌","*찌"
1106,"채널레드TV","*****V"
1107,"체위","*위"
1108,"체위동영상","****상"
1109,"카섹스","**스"
1110,"칼라섹스","***스"
1111,"코리아성인가이드","*******드"
1112,"코리아섹스","****스"
1113,"코리아섹스샵","*****샵"
1114,"코리아스트립닷컴","*******컴"
1115,"코리아엑스파일","******일"
1116,"코리아포로노","*****노"
1117,"코리안걸스","****스"
1118,"코섹스","**스"
1119,"콘돔","*돔"
1120,"콘돔나라","***라"
1121,"콘돔닥터","***터"
1122,"콘돔몰","**몰"
1123,"콘돔예스","***스"
1124,"콘돔피아","***아"
1125,"쿠키걸","**걸"
1126,"쿨에로","**로"
1127,"크림걸","**걸"
1128,"클럽AV스타","*****타"
1129,"클럽에로","***로"
1130,"킬링티비","***비"
1131,"타부코리아","****아"
1132,"토탈에로","***로"
1133,"투앤투동거클럽","******럽"
1134,"트위스트김","****김"
1135,"트위스트김섹스코리아","*********아"
1136,"트위스트김소라가이드","*********드"
1137,"트위스트킴","****킴"
1138,"특수콘돔","***돔"
1139,"패션앤섹스","****스"
1140,"패티쉬","**쉬"
1141,"패티쉬우먼","****먼"
1142,"팬티캔디","***디"
1143,"페로몬","**몬"
1144,"페티걸","**걸"
1145,"페티쉬","**쉬"
1146,"페티쉬러브","****브"
1147,"페티쉬매거진","*****진"
1148,"페티쉬우먼","****먼"
1149,"페티쉬즘","***즘"
1150,"페티쉬코리아","*****아"
1151,"페티시","**시"
1152,"펜트하우스","****스"
1153,"포로노","**노"
1154,"포르노","**노"
1155,"포르노24시","*****시"
1156,"포르노CINEMA","********A"
1157,"포르노CNN","*****N"
1158,"포르노TV","****V"
1159,"포르노bozi","******i"
1160,"포르노molca티비","*********비"
1161,"포르노porno섹스코리아","************아"
1162,"포르노worldcup","**********p"
1163,"포르노yadong","********g"
1164,"포르노yadong섹스코리아","*************아"
1165,"포르노그라피","*****피"
1166,"포르노로","***로"
1167,"포르노마나","****나"
1168,"포르노만화","****화"
1169,"포르노바다","****다"
1170,"포르노사진","****진"
1171,"포르노세상","****상"
1172,"포르노섹스","****스"
1173,"포르노섹스TV","******V"
1174,"포르노섹스마나","******나"
1175,"포르노섹스소라가이드","*********드"
1176,"포르노섹스코리아","*******아"
1177,"포르노섹스코리아소라가이드","************드"
1178,"포르노섹스트위스트김","*********김"
1179,"포르노업","***업"
1180,"포르노오팔팔","*****팔"
1181,"포르노월드","****드"
1182,"포르노집닷컴","*****컴"
1183,"포르노천국","****국"
1184,"포르노천사","****사"
1185,"포르노테이프","*****프"
1186,"포르노테입","****입"
1187,"포르노테잎","****잎"
1188,"포르노티비2580","********0"
1189,"포르노파티","****티"
1190,"포르노플레이보이","*******이"
1191,"포르로","**로"
1192,"포카리섹스","****스"
1193,"프리섹스샵","****샵"
1194,"프리섹스성인용품","*******품"
1195,"프리섹스코리아","******아"
1196,"플래이보이","****이"
1197,"플레이보이","****이"
1198,"플레이보이2030","********0"
1199,"플레이보이소라가이드","*********드"
1200,"플레이보이온라인","*******인"
1201,"플레이보조개","*****개"
1202,"플레이보지","****지"
1203,"플레이섹스","****스"
1204,"피임기구","***구"
1205,"피임용품","***품"
1206,"핑크누드샵","****샵"
1207,"핑크섹스샵","****샵"
1208,"핑크코리아","****아"
1209,"하드코어","***어"
1210,"하리수누드","****드"
1211,"하이텔성인CLUB+19","***********9"
1212,"한글섹스사이트","******트"
1213,"한글섹스코리아","******아"
1214,"한스테이성인","*****인"
1215,"핫도그TV","****V"
1216,"핫성인용품","****품"
1217,"핫섹스","**스"
1218,"핫섹스재팬","****팬"
1219,"핫섹스코리아","*****아"
1220,"핫포르노","***노"
1221,"핫포르노섹스","*****스"
1222,"항문섹스","***스"
1223,"해적","*적"
1224,"해피데이21성인용품","*********품"
1225,"해피투섹스","****스"
1226,"향기콘돔","***돔"
1227,"헤라러브샵","****샵"
1228,"헨타이","**이"
1229,"헨타이망가","****가"
1230,"헬로우콘돔","****돔"
1231,"헬프섹스","***스"
1232,"홈섹스TV","****V"
1233,"화이트섹스라인","******인"
1234,"후이즈섹스","****스"
1235,"후장","*장"
1236,"훔쳐보기","***기"
1237,"히든포르노","****노"
1238,"세희네","**네"
1239,"seheene","******e"
1240,"세희네쩜넷","****넷"
1241,"무비왕","**왕"
1242,"av배우","***우"
1243,"잠지만화","***화"
1244,"야설소라의가이드","*******드"
1245,"섹시녀사진","****진"
1246,"잠지","*지"
1247,"uh-oh.com","********m"
1248,"여성자위시대","*****대"
1249,"www.uh-oh.com","************m"
1250,"bubunara","*******a"
1251,"공짜성인싸이트","******트"
1252,"빈야와레즈","****즈"
1253,"코섹스넷","***넷"
1254,"강추야동","***동"
1255,"케이섹스","***스"
1256,"옷벗기기게임자신있는","*********는"
1257,"x386","***6"
1258,"k양비디오","****오"
1259,"tprtm","****m"
1260,"옆기성인동영상","******상"
1261,"잠지털게임","****임"
1262,"성인사이트메로나","*******나"
1263,"K양","*양"
1264,"메로나섹스","****스"
1265,"live10tv.com","***********m"
1266,"옷벗기기게임잡지","*******지"
1267,"도쿄마나","***나"
1268,"www.sex2848.com","**************m"
1269,"게시판섹스","****스"
1270,"소라의","**의"
1271,"섹스존","**존"
1272,"산소와레즈","****즈"
1273,"야한거벌끈벌끈","******끈"
1274,"섹시포유","***유"
1275,"한국야동","***동"
1276,"두두와레즈","****즈"
1277,"섹스망가","***가"
1278,"야겜usa","****a"
1279,"포노","*노"
1280,"야한게임만남의장소","********소"
1281,"조쟁이.잠지.키스","********스"
1282,"잠지hentai","*******i"
1283,"여자옷벗기기게임","*******임"
1284,"센스디스","***스"
1285,"센스디스무비","*****비"
1286,"하소연","**연"
1287,"성현아누드","****드"
1288,"성현아누드집","*****집"
1289,"에로키위","***위"
1290,"은주조갯살","****살"
1291,"빨간궁뎅이","****이"
1292,"바부와레즈","****즈"
1293,"당근와레즈","****즈"
1294,"게임와레즈","****즈"
1295,"누드모델가능해","******해"
1296,"성인메로나","****나"
1297,"우기와레즈","****즈"
1298,"성현아누드사진","******진"
1299,"꽃게와레즈","****즈"
1300,"클릭와레즈","****즈"
1301,"메로나","**나"
1302,"야쿠르트와레즈","******즈"
1303,"오아시스걸","****걸"
1304,"스카이와레즈","*****즈"
1305,"신마담와레즈","*****즈"
1306,"럭키와레즈","****즈"
1307,"성인방송69채널","*******널"
1308,"야한놈엽기","****기"
1309,"와레즈코리아","*****아"
1310,"우기의최강와레즈","*******즈"
1311,"세희넷","**넷"
1312,"와레즈용","***용"
1313,"와레즈79","****9"
1314,"앙마와레즈","****즈"
1315,"스누피야동","****동"
1316,"누드크로키","****키"
1317,"59time","*****e"
1318,"공주야동","***동"
1319,"와래즈$디아블로","*******로"
1320,"에로스토토","****토"
1321,"블루와레즈","****즈"
1322,"www.live10tv.com","***************m"
1323,"키위와레즈","****즈"
1324,"영화와레즈","****즈"
1325,"www.sex012.com","*************m"
1326,"2040love","*******e"
1327,"성현아누두집","*****집"
1328,"심마담","**담"
1329,"게시판아동","****동"
1330,"광년이보지","****지"
1331,"어두움와레즈","*****즈"
1332,"샤먼와레즈","****즈"
1333,"섹시동영상성생활","*******활"
1334,"만두와레즈","****즈"
1335,"ya-han","*****n"
1336,"대박와레즈","****즈"
1337,"신마담pds","*****s"
1338,"69tv","***v"
1339,"구멍야동","***동"
1340,"worldsex.com","***********m"
1341,"최강와레즈","****즈"
1342,"게시판성현아","*****아"
1343,"sexy588","******8"
1344,"몰카넷","**넷"
1345,"와레즈탑","***탑"
1346,"성현아누드갤러리","*******리"
1,"캐쉬스파이더","*****더"
2,"캐시스파이더","*****더"
3,"목자르는동영상","******상"
4,"ogrish.com","*********m"
5,"ogrish","*****h"
6,"오그리시","***시"
7,"오그리쉬","***쉬"
8,"오그리쉬닷컴","*****컴"
9,"김선일동영상","*****상"
10,"참수","*수"
11,"beheading","********g"
12,"007섹스샵","*****샵"
13,"007섹스티브이","*******이"
14,"007섹스티비","******비"
15,"009sex","*****x"
16,"016섹스닷컴","******컴"
17,"1004성인용품","*******품"
18,"100boG","*****G"
19,"100bozy","******y"
20,"10sextv","******v"
21,"10섹스티브이","******이"
22,"114성인용품","******품"
23,"18sex","****x"
24,"18sexTV","******V"
25,"18x","**x"
26,"21섹스넷","****넷"
27,"24에로라이브","******브"
28,"25라이브섹스","******스"
29,"33sexymall","*********l"
30,"365섹스웹","*****웹"
31,"365포르노","*****노"
32,"365포르노테잎","*******잎"
33,"386섹시매거진","*******진"
34,"3sextv","*****v"
35,"4SEX","***X"
36,"4changamolca섹스코리아","****************아"
37,"4kkasi","*****i"
38,"588","**8"
39,"588show","******w"
40,"588섹스코리아","*******아"
41,"588섹스코리아성인방송","***********송"
42,"588섹스티비","******비"
43,"588포르노","*****노"
44,"5sexshop","*******p"
45,"69Time","*****e"
46,"69XY성인디렉토리","*********리"
47,"69n69성인몰","*******몰"
48,"69sex","****x"
49,"69timepornsex","************x"
50,"69섹스코리아","******아"
51,"69클럽TV","*****V"
52,"섹스코리아","****아"
53,"ADULTMANA","********A"
54,"AVmolca","******a"
55,"AV갤러리","****리"
56,"AV재팬","***팬"
57,"AdultSearch","**********h"
58,"AdultSexshop","***********p"
59,"Adulthumor","*********r"
60,"Adultzone","********e"
61,"Bojyty","*****y"
62,"Bozicam","******m"
63,"GO588TV","******V"
64,"GO섹시클럽","*****럽"
65,"HOTWEB","*****B"
66,"HOTZONE","******E"
67,"HardcorePorno","************o"
68,"IJSEX","****X"
69,"IJ라이브","****브"
70,"IJ생방송","****송"
71,"IJ에로쇼","****쇼"
72,"IJ특별코너","*****너"
73,"KRTV","***V"
74,"Korea포르노","*******노"
75,"MANABOZI","*******I"
76,"MolcaPornoTV","***********V"
77,"MolcaTV","******V"
78,"Molcanara","********a"
79,"Molcaparty","*********y"
80,"Molca테이프","*******프"
81,"Molca포르노섹스코리아","************아"
82,"Molca포르노소라가이드","************드"
83,"Molka섹스코리아","*********아"
84,"Molka코리아섹스","*********스"
85,"Mulyosex","*******x"
86,"NEVER-SEX","********X"
87,"OIO성인용품","******품"
88,"OK성인용품","*****품"
89,"OK섹스SHOW","*******W"
90,"PJ","*J"
91,"PORNOBOZI","********I"
92,"PORNO애니","******니"
93,"PleyboG","******G"
94,"Pleyboy","******y"
95,"Porno바다","******다"
96,"SEXBBS","*****S"
97,"SEXEROS","******S"
98,"SEXJAPAN","*******N"
99,"SEXMOLCA","*******A"
100,"SEXPDS","*****S"
101,"SEXWAREZ","*******Z"
102,"SEXYMAP","******P"
103,"SEXYX","****X"
104,"SEXY화상채팅","*******팅"
105,"SEX로리타","*****타"
106,"SEX섹스코리아","*******아"
107,"SOSSEX","*****X"
108,"SexGoods","*******s"
109,"SexPorno","*******o"
110,"Sexpia","*****a"
111,"Sexwal","*****l"
112,"Sexyadong","********g"
113,"TV플레이보이","******이"
114,"X등급","**급"
115,"YASATV","*****V"
116,"Yahanbozi","********i"
117,"adult","****t"
118,"adultlife","********e"
119,"adultvideo","*********o"
120,"adultzon","*******n"
121,"av섹스코리아","******아"
122,"awoodong","*******g"
123,"backbojytv","*********v"
124,"bbagury","******y"
125,"bestbozi","*******i"
126,"binya","****a"
127,"byuntaesex","*********x"
128,"carporno","*******o"
129,"carsex","*****x"
130,"clubero","******o"
131,"condom","*****m"
132,"cosex","****x"
133,"cosex.net","********t"
134,"damoimsex","********x"
135,"enterchannel","***********l"
136,"ero2030","******0"
137,"ero69","****9"
138,"eroasia","******a"
139,"erocine","******e"
140,"erosasia","*******a"
141,"erosian","******n"
142,"erostyle","*******e"
143,"fetish","*****h"
144,"fetish7","******7"
145,"fetishwoman","**********n"
146,"gabozi","*****i"
147,"gagasexy","*******y"
148,"goadult","******t"
149,"gocinepia","********a"
150,"gojasex","******x"
151,"hidden-korea","***********a"
152,"hiddencam","********m"
153,"hotbojy","******y"
154,"hotsex","*****x"
155,"hotsexkorea","**********a"
156,"ilovesex","*******x"
157,"joungyang","********g"
158,"jungyang","*******g"
159,"kgirlmolca","*********a"
160,"kingsex","******x"
161,"ksex","***x"
162,"ksex.net","*******t"
163,"kukikorea","********a"
164,"live10tv","*******v"
165,"molca","****a"
166,"molca365","*******5"
167,"molca588","*******8"
168,"molcaCD","******D"
169,"molcaav","******v"
170,"molcasex","*******x"
171,"molcasexnipon","************n"
172,"molca섹스","******스"
173,"molca섹스코리아","*********아"
174,"molca포르노","*******노"
175,"mrcondom","*******m"
176,"new소라가이드","*******드"
177,"noode","****e"
178,"nopants","******s"
179,"nudcouple","********e"
180,"nude","***e"
181,"nudlnude","*******e"
182,"oiotv","****v"
183,"olotv섹스nipon","***********n"
184,"oralsextv","********v"
185,"playboy","******y"
186,"porno","****o"
187,"porno-tape","*********e"
188,"pornomana","********a"
189,"pornoplayboy","***********y"
190,"pornsex","******x"
191,"runsex","*****x"
192,"sex","**x"
193,"sex-sayclub","**********b"
194,"sex123","*****3"
195,"sex18","****8"
196,"sex1818","******8"
197,"sex4969","******9"
198,"sexTV","****V"
199,"sexboard","*******d"
200,"sexbuin","******n"
201,"sexcorea","*******a"
202,"sexhangame","*********e"
203,"sexjj","****j"
204,"sexkorea","*******a"
205,"sexkorea.com","***********m"
206,"sexkorea.net","***********t"
207,"sexkorea21","*********1"
208,"sexkoreasexkorea","***************a"
209,"sexmaxx","******x"
210,"sexmolka","*******a"
211,"sexmovie","*******e"
212,"sexmusa","******a"
213,"sexnipon","*******n"
214,"sexsexy","******y"
215,"sexwal.com","*********m"
216,"sexwall","******l"
217,"sexwall.com","**********m"
218,"sexxmolcatv","**********v"
219,"sexy","***y"
220,"sexyclik","*******k"
221,"sexyjapan","********n"
222,"sexynmall","********l"
223,"sexysoul","*******l"
224,"sora'sguide","**********e"
225,"soraguide","********e"
226,"sorasguide","*********e"
227,"sorasguide.com","*************m"
228,"sunginsite","*********e"
229,"togoero","******o"
230,"tvbozi","*****i"
231,"tv섹스코리아","******아"
232,"twistkim","*******m"
233,"twistkim.com","***********m"
234,"videokiller","**********r"
235,"vip24","****4"
236,"viva포르노","******노"
237,"warez섹스","******스"
238,"whoissex","*******x"
239,"wonjosex","*******x"
240,"worldsex","*******x"
241,"www.porno-tape.com","*****************m"
242,"www.sex123.co.kr","***************r"
243,"www.sexkorea.net","***************t"
244,"www.sexwal.com","*************m"
245,"www.sorasguide.com","*****************m"
246,"www.twistkim.com","***************m"
247,"xxx","**x"
248,"yadong","*****g"
249,"yadongclub","*********b"
250,"yadongmolca","**********a"
251,"yadong섹스코리아","**********아"
252,"yagood","*****d"
253,"yahanbamtv","*********v"
254,"yahannom","*******m"
255,"yasine","*****e"
256,"yesmolca","*******a"
257,"yessex","*****x"
258,"youngsex","*******x"
259,"zotte","****e"
260,"zungyang","*******g"
261,"쎅스","*스"
262,"쎅스코리아","****아"
263,"쎅시넷","**넷"
264,"쎅콜닷컴","***컴"
265,"쎅클럽","**럽"
266,"가가가가섹스샵","******샵"
267,"가가가섹스WAREZ","*********Z"
268,"가가성인섹스샵","******샵"
269,"가가성인용품","*****품"
270,"가가성인용품샵","******샵"
271,"가가섹스","***스"
272,"가가섹스포르노","******노"
273,"가가섹스하러다가라","********라"
274,"가고파성인용품","******품"
275,"가나성인용품전문쇼핑몰","**********몰"
276,"가람섹스성인용품","*******품"
277,"가마성인쇼핑몰","******몰"
278,"가면성인용품쇼핑몰","********몰"
279,"가보자성인용품","******품"
280,"가시나무성인용품","*******품"
281,"가이드성인쇼핑몰","*******몰"
282,"가이드섹스","****스"
283,"가인코리아성인용품","********품"
284,"가자Molca섹스코리아","***********아"
285,"가자러브샵","****샵"
286,"가자미아리","****리"
287,"가자성인용품","*****품"
288,"가자섹스","***스"
289,"가자섹스몰","****몰"
290,"가자섹스자료실","******실"
291,"가자섹스코리아","******아"
292,"가정섹스전문점","******점"
293,"가지와오이성인용품","********품"
294,"가지와오이섹스샵","*******샵"
295,"강간","*간"
296,"강남카페섹스비디오테이프","***********프"
297,"강쇠닷컴","***컴"
298,"강한성인영화","*****화"
299,"걸섹스코리아갤러리","********리"
300,"경고섹스포르노","******노"
301,"경마장가는길성인용품","*********품"
302,"경아닷컴","***컴"
303,"고69섹슈얼","*****얼"
304,"고공섹스","***스"
305,"고려섹시인포디렉토리","*********리"
306,"고섹스588","*****8"
307,"고섹스PORNO","*******O"
308,"고에로TV","****V"
309,"고우섹스","***스"
310,"고우섹스성인용품점","********점"
311,"고자섹스","***스"
312,"고추짱","**짱"
313,"고투에로","***로"
314,"고패티쉬","***쉬"
315,"고혈압야동","****동"
316,"공짜만화","***화"
317,"과부촌","**촌"
318,"국제성인마트","*****트"
319,"굿걸TV","***V"
320,"굿나잇TV","****V"
321,"굿나잇티브이","*****이"
322,"굿섹스클럽","****럽"
323,"그룹섹스","***스"
324,"근친상간","***간"
325,"글래머샵","***샵"
326,"김마담성인쇼핑몰","*******몰"
327,"꼬추닷컴","***컴"
328,"나고야섹스미드머니","********니"
329,"나나성인용품","*****품"
330,"나우누리어른만화방","********방"
331,"나이스69","****9"
332,"나이스성인샵","*****샵"
333,"나조아성인몰","*****몰"
334,"나체","*체"
335,"남녀섹시속옷","*****옷"
336,"남녀자위기구","*****구"
337,"남성단련용품","*****품"
338,"남성자위기구","*****구"
339,"네버섹스","***스"
340,"네비로스섹스샵","******샵"
341,"노노티브이","****이"
342,"노브라","**라"
343,"노브라TV","****V"
344,"노팬티브이","****이"
345,"논스톱러브성인유머","********머"
346,"누나몰카","***카"
347,"누두","*두"
348,"누드","*드"
349,"누드112","****2"
350,"누드119","****9"
351,"누드25시","****시"
352,"누드molcaTV","********V"
353,"누드갤러리","****리"
354,"누드다이어리","*****리"
355,"누드모델","***델"
356,"누드모아","***아"
357,"누드몰카TV","*****V"
358,"누드뮤직","***직"
359,"누드사진","***진"
360,"누드섹스","***스"
361,"누드쇼","**쇼"
362,"누드스케치","****치"
363,"누드집","**집"
364,"누드천사","***사"
365,"누드커플","***플"
366,"누드코리아","****아"
367,"누드클럽","***럽"
368,"누드필름","***름"
369,"누드화보","***보"
370,"누들누드","***드"
371,"뉴스트립","***립"
372,"다보자성인영화관","*******관"
373,"다음섹스","***스"
374,"다이섹스","***스"
375,"대박성인토탈몰","******몰"
376,"더티섹스","***스"
377,"도쿄섹스","***스"
378,"도쿄섹스nipon","********n"
379,"동양최고성고전","******전"
380,"두두섹스","***스"
381,"뒷치기","**기"
382,"드림페티쉬","****쉬"
383,"등급보류성인영화관","********관"
384,"디지털섹스조선","******선"
385,"딸딸이","**이"
386,"떡걸","*걸"
387,"떡치기","**기"
388,"라노비아섹스샵","******샵"
389,"라이브10TV","******V"
390,"라이브스트립","*****립"
391,"러브박사성인용품","*******품"
392,"러브베드","***드"
393,"러브섹시클럽","*****럽"
394,"러브장","**장"
395,"러브젤","**젤"
396,"러브하자성인용품","*******품"
397,"러브호텔","***텔"
398,"럭키성인몰","****몰"
399,"레드섹스tv","*****v"
400,"레이싱걸","***걸"
401,"로리타","**타"
402,"로리타.","***."
403,"롤리타","**타"
404,"류미오","**오"
405,"리얼섹스플레이","******이"
406,"리얼에로","***로"
407,"마나보지","***지"
408,"마니아섹스","****스"
409,"만화보지","***지"
410,"망가","*가"
411,"망가짱","**짱"
412,"모노섹스","***스"
413,"모두모아성인용품","*******품"
414,"모모TV","***V"
415,"몰래보기","***기"
416,"몰래카메라","****라"
417,"몰래캠코더","****더"
418,"몰카","*카"
419,"몰카365","****5"
420,"몰카588","****8"
421,"몰카tv","***v"
422,"무료망가","***가"
423,"무료몰카","***카"
424,"무료성인","***인"
425,"무료성인동영상","******상"
426,"무료성인만화","*****화"
427,"무료성인방송","*****송"
428,"무료성인사이트","******트"
429,"무료성인싸이트","******트"
430,"무료성인엽기","*****기"
431,"무료성인영화","*****화"
432,"무료성인정보","*****보"
433,"무료섹스","***스"
434,"무료섹스동영상","******상"
435,"무료섹스사이트","******트"
436,"무료야동","***동"
437,"무료야설","***설"
438,"무료포르노","****노"
439,"무료포르노동영상","*******상"
440,"무료헨타이","****이"
441,"무전망가","***가"
442,"미국뽀르노","****노"
443,"미국포르노","****노"
444,"미니스커트","****트"
445,"미란다성인섹스샵","*******샵"
446,"미소걸성인용품","******품"
447,"미소녀","**녀"
448,"미소녀게임","****임"
449,"미소녀섹스가이드","*******드"
450,"미스누드","***드"
451,"미스터콘돔","****돔"
452,"미스토픽닷컴","*****컴"
453,"미스토픽성인용품점","********점"
454,"미시촌","**촌"
455,"미쎄스터","***터"
456,"미아리","**리"
457,"미아리2000","******0"
458,"미아리588","*****8"
459,"미아리tv","****v"
460,"미아리섹스하리","******리"
461,"미아리쇼","***쇼"
462,"미아리텍사스","*****스"
463,"바나나TV","****V"
464,"바나나티비","****비"
465,"바이엔에로","****로"
466,"밝은세상성인용품","*******품"
467,"벗기는고스톱","*****톱"
468,"베스트성인용품","******품"
469,"베이비아웃성인용품","********품"
470,"변태","*태"
471,"보스성인클럽","*****럽"
472,"보조기구","***구"
473,"보지","*지"
474,"보지나라","***라"
475,"보지마TV","****V"
476,"보지보지","***지"
477,"보지털","**털"
478,"부부나라","***라"
479,"부부섹스","***스"
480,"비너스성인용품","******품"
481,"빈야","*야"
482,"빈야성인","***인"
483,"빈야성인와레즈","******즈"
484,"빠구리","**리"
485,"빨간티브이섹스","******스"
486,"뽀르노","**노"
487,"삐리넷","**넷"
488,"사까시","**시"
489,"사라성인용품점","******점"
490,"사랑의침실테크닉","*******닉"
491,"사이버섹스","****스"
492,"사창가","**가"
493,"색스","*스"
494,"색스코리아","****아"
495,"샴푸의성인정보","******보"
496,"서양동영상","****상"
497,"서양뽀르노","****노"
498,"성게시판","***판"
499,"성고민상담","****담"
500,"성과섹스","***스"
501,"성기","*기"
502,"성보조기구","****구"
503,"성상담","**담"
504,"성인","*인"
505,"성인18번지","*****지"
506,"성인25시","****시"
507,"성인CD","***D"
508,"성인IJ","***J"
509,"성인갤러리","****리"
510,"성인게시판","****판"
511,"성인게임","***임"
512,"성인그리고섹스","******스"
513,"성인극장","***장"
514,"성인나라","***라"
515,"성인놀이문화","*****화"
516,"성인누드","***드"
517,"성인뉴스","***스"
518,"성인대화","***화"
519,"성인대화방","****방"
520,"성인동영상","****상"
521,"성인드라마","****마"
522,"성인만화","***화"
523,"성인만화나라","*****라"
524,"성인만화천국","*****국"
525,"성인망가","***가"
526,"성인무료","***료"
527,"성인무료동영상","******상"
528,"성인무료사이트","******트"
529,"성인무료영화","*****화"
530,"성인무비","***비"
531,"성인물","**물"
532,"성인미스랭크","*****크"
533,"성인미팅방","****방"
534,"성인방송","***송"
535,"성인방송국","****국"
536,"성인방송안내","*****내"
537,"성인배우","***우"
538,"성인별곡","***곡"
539,"성인비됴","***됴"
540,"성인비디오","****오"
541,"성인사이트","****트"
542,"성인사이트소개","******개"
543,"성인사진","***진"
544,"성인상품","***품"
545,"성인생방송","****송"
546,"성인샵","**샵"
547,"성인서적","***적"
548,"성인성교육스쿨","******쿨"
549,"성인섹스민국","*****국"
550,"성인섹스코리아","******아"
551,"성인소녀경","****경"
552,"성인소라가이드","******드"
553,"성인소설","***설"
554,"성인쇼","**쇼"
555,"성인쇼핑","***핑"
556,"성인쇼핑몰","****몰"
557,"성인시트콤","****콤"
558,"성인싸이트","****트"
559,"성인애니","***니"
560,"성인애니메이션","******션"
561,"성인야설","***설"
562,"성인야화","***화"
563,"성인에로무비","*****비"
564,"성인에로영화","*****화"
565,"성인엽기","***기"
566,"성인엽기damoim","*********m"
567,"성인영상","***상"
568,"성인영화","***화"
569,"성인영화관","****관"
570,"성인영화나라","*****라"
571,"성인영화방","****방"
572,"성인영화세상","*****상"
573,"성인영화천국","*****국"
574,"성인와레즈","****즈"
575,"성인용CD","****D"
576,"성인용품","***품"
577,"성인용품도매센터","*******터"
578,"성인용품에로존","******존"
579,"성인용품할인매장","*******장"
580,"성인유머","***머"
581,"성인이미지","****지"
582,"성인인증&x=23","********3"
583,"성인인터넷방송","******송"
584,"성인일본","***본"
585,"성인자료","***료"
586,"성인자료실","****실"
587,"성인전용","***용"
588,"성인전용관","****관"
589,"성인전용정보","*****보"
590,"성인정보","***보"
591,"성인채팅","***팅"
592,"성인챗","**챗"
593,"성인천국","***국"
594,"성인체위","***위"
595,"성인카툰","***툰"
596,"성인컨텐츠","****츠"
597,"성인클럽","***럽"
598,"성인플래쉬","****쉬"
599,"성인플래시","****시"
600,"성인화상","***상"
601,"성인화상채팅","*****팅"
602,"성일플래쉬","****쉬"
603,"성잉영화","***화"
604,"성체위","**위"
605,"성클리닉","***닉"
606,"성테크닉","***닉"
607,"성폭행","**행"
608,"성행위","**위"
609,"세븐누드닷컴","*****컴"
610,"세븐섹시","***시"
611,"세희야동","***동"
612,"섹","섹"
613,"섹걸","*걸"
614,"섹걸닷컴","***컴"
615,"섹골닷컴","***컴"
616,"섹마","*마"
617,"섹쉬","*쉬"
618,"섹쉬뱅크","***크"
619,"섹쉬썸머타임","*****임"
620,"섹쉬엽기","***기"
621,"섹스","*스"
622,"섹스19","***9"
623,"섹스25시","****시"
624,"섹스2TV","****V"
625,"섹스588섹스","******스"
626,"섹스6mm","****m"
627,"섹스700","****0"
628,"섹스89","***9"
629,"섹스DC","***C"
630,"섹스Koreana","********a"
631,"섹스Molca섹스코리아","***********아"
632,"섹스SHOW","*****W"
633,"섹스TV","***V"
634,"섹스and포르노","*******노"
635,"섹스damoim","*******m"
636,"섹스daum","*****m"
637,"섹스molca","******a"
638,"섹스molcaTV","********V"
639,"섹스molca코리아","*********아"
640,"섹스molca코리아TV","***********V"
641,"섹스molca포르노","*********노"
642,"섹스molka","******a"
643,"섹스sayclub","********b"
644,"섹스warez","******z"
645,"섹스yadong","*******g"
646,"섹스가이드","****드"
647,"섹스갤러리","****리"
648,"섹스게시판","****판"
649,"섹스고고","***고"
650,"섹스굿","**굿"
651,"섹스나라","***라"
652,"섹스나라69","*****9"
653,"섹스노예","***예"
654,"섹스다음","***음"
655,"섹스다크","***크"
656,"섹스닷컴","***컴"
657,"섹스데이타100","*******0"
658,"섹스도우미","****미"
659,"섹스동","**동"
660,"섹스동영상","****상"
661,"섹스드라마","****마"
662,"섹스라이브","****브"
663,"섹스라이브TV","******V"
664,"섹스로봇","***봇"
665,"섹스리아","***아"
666,"섹스리얼","***얼"
667,"섹스링크","***크"
668,"섹스마스터","****터"
669,"섹스만화","***화"
670,"섹스매거진","****진"
671,"섹스모델","***델"
672,"섹스모아TV","*****V"
673,"섹스몰","**몰"
674,"섹스몰카","***카"
675,"섹스무비","***비"
676,"섹스무사","***사"
677,"섹스뮤직","***직"
678,"섹스믹스","***스"
679,"섹스바부제펜","*****펜"
680,"섹스벨리","***리"
681,"섹스보드","***드"
682,"섹스보조기구","*****구"
683,"섹스보조용품","*****품"
684,"섹스부인","***인"
685,"섹스브라","***라"
686,"섹스비디오","****오"
687,"섹스비안","***안"
688,"섹스사랑","***랑"
689,"섹스사이트","****트"
690,"섹스사진","***진"
691,"섹스살롱","***롱"
692,"섹스샘플","***플"
693,"섹스샵","**샵"
694,"섹스샵2080","******0"
695,"섹스샵21","****1"
696,"섹스서치","***치"
697,"섹스선데이","****이"
698,"섹스성인만화","*****화"
699,"섹스셀카","***카"
700,"섹스소나타","****타"
701,"섹스소라가이드","******드"
702,"섹스소리","***리"
703,"섹스시네","***네"
704,"섹스심리","***리"
705,"섹스씬","**씬"
706,"섹스아이디","****디"
707,"섹스알리바바","*****바"
708,"섹스애니마나","*****나"
709,"섹스앤샵","***샵"
710,"섹스야다이즈","*****즈"
711,"섹스야동","***동"
712,"섹스야시네","****네"
713,"섹스야호","***호"
714,"섹스에니메이션","******션"
715,"섹스에로","***로"
716,"섹스에로스TV","******V"
717,"섹스에로시안","*****안"
718,"섹스엔바이","****이"
719,"섹스엔샵","***샵"
720,"섹스엠티비닷컴","******컴"
721,"섹스영상","***상"
722,"섹스영화","***화"
723,"섹스와레즈","****즈"
724,"섹스왈","**왈"
725,"섹스용품","***품"
726,"섹스월","**월"
727,"섹스월드","***드"
728,"섹스웰","**웰"
729,"섹스인형","***형"
730,"섹스일기","***기"
731,"섹스자료실","****실"
732,"섹스자세","***세"
733,"섹스자진","***진"
734,"섹스잡지","***지"
735,"섹스재팬만화","*****화"
736,"섹스정보","***보"
737,"섹스제이제이","*****이"
738,"섹스제팬","***팬"
739,"섹스제펜","***펜"
740,"섹스조선","***선"
741,"섹스조아","***아"
742,"섹스조인","***인"
743,"섹스지존","***존"
744,"섹스짱","**짱"
745,"섹스찌찌닷콤","*****콤"
746,"섹스채널","***널"
747,"섹스챗79","****9"
748,"섹스천사","***사"
749,"섹스천하","***하"
750,"섹스체위","***위"
751,"섹스촌","**촌"
752,"섹스캠프","***프"
753,"섹스코러스","****스"
754,"섹스코리아21","******1"
755,"섹스코리아79","******9"
756,"섹스코리아DAMOIM","**********M"
757,"섹스코리아MOLCA","*********A"
758,"섹스코리아OK","******K"
759,"섹스코리아TV","******V"
760,"섹스코리아jp","******p"
761,"섹스코리아warez","*********z"
762,"섹스코리아걸","*****걸"
763,"섹스코리아넷","*****넷"
764,"섹스코리아라이브","*******브"
765,"섹스코리아무비","******비"
766,"섹스코리아성인엽기","********기"
767,"섹스코리아섹스섹스코리아","***********아"
768,"섹스코리아소라가이드","*********드"
769,"섹스코리아소라의가이드","**********드"
770,"섹스코리아앤드섹스코리아","***********아"
771,"섹스코리아엑스섹스코리아","***********아"
772,"섹스코리아조선","******선"
773,"섹스코리아포르노","*******노"
774,"섹스코리아하우스","*******스"
775,"섹스코치","***치"
776,"섹스크림","***림"
777,"섹스클럽","***럽"
778,"섹스킴","**킴"
779,"섹스타임","***임"
780,"섹스타임69","*****9"
781,"섹스테잎","***잎"
782,"섹스테크닉","****닉"
783,"섹스토이샵","****샵"
784,"섹스토이코리아","******아"
785,"섹스투데이","****이"
786,"섹스트립","***립"
787,"섹스파일","***일"
788,"섹스파크","***크"
789,"섹스포르노","****노"
790,"섹스포르노molca","*********a"
791,"섹스포르노샵","*****샵"
792,"섹스포르노트위스트김","*********김"
793,"섹스포섹스티비","******비"
794,"섹스포유","***유"
795,"섹스포인트","****트"
796,"섹스포탈","***탈"
797,"섹스프리덤","****덤"
798,"섹스피아","***아"
799,"섹스하까","***까"
800,"섹스하네","***네"
801,"섹스하리","***리"
802,"섹스한국","***국"
803,"섹스해죠","***죠"
804,"섹스헨타이","****이"
805,"섹스호빠","***빠"
806,"섹스홀","**홀"
807,"섹시","*시"
808,"섹시TV","***V"
809,"섹시wave","*****e"
810,"섹시갤러리","****리"
811,"섹시걸","**걸"
812,"섹시게이트","****트"
813,"섹시나라","***라"
814,"섹시나이트","****트"
815,"섹시누드","***드"
816,"섹시뉴스","***스"
817,"섹시맵","**맵"
818,"섹시무비","***비"
819,"섹시사진","***진"
820,"섹시샵","**샵"
821,"섹시성인용품","*****품"
822,"섹시섹스코리아","******아"
823,"섹시스타","***타"
824,"섹시신문","***문"
825,"섹시씨엔엔","****엔"
826,"섹시아이제이","*****이"
827,"섹시에로닷컴","*****컴"
828,"섹시엔TV","****V"
829,"섹시엔몰","***몰"
830,"섹시연예인","****인"
831,"섹시재팬","***팬"
832,"섹시제팬","***팬"
833,"섹시제펜","***펜"
834,"섹시조선","***선"
835,"섹시존","**존"
836,"섹시짱","**짱"
837,"섹시촌","**촌"
838,"섹시코디","***디"
839,"섹시코리아","****아"
840,"섹시클럽","***럽"
841,"섹시클릭","***릭"
842,"섹시팅하자","****자"
843,"섹시팬티","***티"
844,"셀카","*카"
845,"셀프카메라","****라"
846,"소라가이드","****드"
847,"소라가이드-에로천국","*********국"
848,"소라가이드TO","******O"
849,"소라가이드앤소라가이드","**********드"
850,"소라가이드천사","******사"
851,"소라스가이드","*****드"
852,"소라의MissTopic","***********c"
853,"소라의가이드","*****드"
854,"소라의섹스코리아가이드","**********드"
855,"소라의야설공작소","*******소"
856,"소라의프로포즈","******즈"
857,"소라즈가이드","*****드"
858,"쇼걸클럽","***럽"
859,"쇼우망가","***가"
860,"쇼킹동영상","****상"
861,"쇼킹섹스","***스"
862,"쇼킹섹스코리아","******아"
863,"쇼킹에로","***로"
864,"숙모보지","***지"
865,"스와핑","**핑"
866,"스타킹포유","****유"
867,"신마담","**담"
868,"실리콘하우스성인용품","*********품"
869,"심야TV","***V"
870,"심한포르노","****노"
871,"싸죠","*죠"
872,"싹쓰리닷컴","****컴"
873,"쌕쌕이티비","****비"
874,"쌩molca","*****a"
875,"쌩몰카","**카"
876,"쌩보지","**지"
877,"쌩보지쑈","***쑈"
878,"쌩쇼","*쇼"
879,"쌩쑈","*쑈"
880,"쌩포르노","***노"
881,"씨누드21","****1"
882,"씹","씹"
883,"아마걸포르노","*****노"
884,"아색기가","***가"
885,"아이러브섹스","*****스"
886,"아이러브에로스쿨","*******쿨"
887,"아이섹스스타","*****타"
888,"아이제이섹스","*****스"
889,"아일러브섹스티비","*******비"
890,"알몸","*몸"
891,"애로","*로"
892,"애로영화","***화"
893,"애마부인","***인"
894,"애자매","**매"
895,"야게임","**임"
896,"야게임즈닷넷","*****넷"
897,"야겜","*겜"
898,"야동","*동"
899,"야동게시판","****판"
900,"야사","*사"
901,"야설","*설"
902,"야설공작소","****소"
903,"야설신화","***화"
904,"야설의문","***문"
905,"야시","*시"
906,"야시25TV","*****V"
907,"야시MTV","****V"
908,"야시molca","******a"
909,"야시걸","**걸"
910,"야시꾸리","***리"
911,"야시네","**네"
912,"야시녀","**녀"
913,"야시랭크","***크"
914,"야시룸","**룸"
915,"야시시","**시"
916,"야시캠","**캠"
917,"야시코리아","****아"
918,"야애니","**니"
919,"야오이","**이"
920,"야하네","**네"
921,"야하다","**다"
922,"야한","*한"
923,"야한거","**거"
924,"야한걸","**걸"
925,"야한것","**것"
926,"야한게임","***임"
927,"야한그림","***림"
928,"야한놈","**놈"
929,"야한놈SEX","*****X"
930,"야한누드","***드"
931,"야한동영상","****상"
932,"야한만화","***화"
933,"야한밤","**밤"
934,"야한밤TV","****V"
935,"야한밤티브이","*****이"
936,"야한사이트","****트"
937,"야한사진","***진"
938,"야한소설","***설"
939,"야한쇼닷컴","****컴"
940,"야한영화","***화"
941,"야한이야기","****기"
942,"야한클럽","***럽"
943,"야해","*해"
944,"야해요","**요"
945,"어덜트10000","*******0"
946,"어덜트TV","****V"
947,"어덜트라이프","*****프"
948,"어덜트랜드","****드"
949,"어덜트섹시성인영화관","*********관"
950,"어덜트존","***존"
951,"어덜트천사TV","******V"
952,"어덜트코믹플러스","*******스"
953,"어덜트탑10","*****0"
954,"어덜트피아","****아"
955,"에로","*로"
956,"에로2002","*****2"
957,"에로2030","*****0"
958,"에로69","***9"
959,"에로69TV","*****V"
960,"에로79","***9"
961,"에로걸즈","***즈"
962,"에로게이트","****트"
963,"에로게임","***임"
964,"에로관","**관"
965,"에로극장","***장"
966,"에로니폰","***폰"
967,"에로닷컴","***컴"
968,"에로당","**당"
969,"에로데이","***이"
970,"에로동","**동"
971,"에로동영상","****상"
972,"에로디비","***비"
973,"에로무비","***비"
974,"에로물","**물"
975,"에로뮤직비디오","******오"
976,"에로바다","***다"
977,"에로방티브","****브"
978,"에로배우","***우"
979,"에로비","**비"
980,"에로비디오","****오"
981,"에로비안나이트","******트"
982,"에로샵","**샵"
983,"에로세일","***일"
984,"에로섹스TV","*****V"
985,"에로소라가이드","******드"
986,"에로쇼","**쇼"
987,"에로스","**스"
988,"에로스TV","****V"
989,"에로스데이","****이"
990,"에로스아시아","*****아"
991,"에로스재팬","****팬"
992,"에로스코리아","*****아"
993,"에로스쿨","***쿨"
994,"에로스타","***타"
995,"에로스타일","****일"
996,"에로스페셜","****셜"
997,"에로스포유","****유"
998,"에로시네마","****마"
999,"에로시안닷컴","*****컴"
1000,"에로시티","***티"
1001,"에로씨네","***네"
1002,"에로아시아","****아"
1003,"에로앤섹스","****스"
1004,"에로야","**야"
1005,"에로에스","***스"
1006,"에로엔조이","****이"
1007,"에로영화","***화"
1008,"에로영화관","****관"
1009,"에로올","**올"
1010,"에로와이프","****프"
1011,"에로이브","***브"
1012,"에로존","**존"
1013,"에로주","**주"
1014,"에로촬영현장","*****장"
1015,"에로카","**카"
1016,"에로클릭","***릭"
1017,"에로투유","***유"
1018,"에로틱코리아","*****아"
1019,"에로파크","***크"
1020,"에로패티시","****시"
1021,"에로팬티","***티"
1022,"에로플래쉬","****쉬"
1023,"에로필름","***름"
1024,"엑스노브라","****라"
1025,"엑스모텔","***텔"
1026,"엑스투어덜트","*****트"
1027,"엔터채널","***널"
1028,"여성성인용품","*****품"
1029,"여성자위기구","*****구"
1030,"여자보지","***지"
1031,"연인사이성인샵","******샵"
1032,"엽기에로","***로"
1033,"엽기적인섹스","*****스"
1034,"오나니","**니"
1035,"오럴섹스","***스"
1036,"오렌지야동","****동"
1037,"오르가즘","***즘"
1038,"오마담","**담"
1039,"오마이에로","****로"
1040,"오마이포르노","*****노"
1041,"오빠아파","***파"
1042,"오빠아파닷컴","*****컴"
1043,"오빠아퍼","***퍼"
1044,"오사카섹스","****스"
1045,"오성인","**인"
1046,"오섹스","**스"
1047,"오섹스야","***야"
1048,"오섹스테레비","*****비"
1049,"오예성인영화","*****화"
1050,"오이섹스","***스"
1051,"오케이섹스","****스"
1052,"오케이섹스TV","******V"
1053,"오케이섹스molca포르노","************노"
1054,"오케이섹스티비","******비"
1055,"옷벗기기","***기"
1056,"옷벗기기게임","*****임"
1057,"와우섹스","***스"
1058,"왕가스","**스"
1059,"용주골","**골"
1060,"우라본섹스코리아","*******아"
1061,"울트라섹스제팬","******팬"
1062,"원조교제","***제"
1063,"월드섹스","***스"
1064,"웹섹스코리아","*****아"
1065,"유호필름","***름"
1066,"은빛갤러리","****리"
1067,"음모","*모"
1068,"이반성인용품몰","******몰"
1069,"이섹스","**스"
1070,"이승희","**희"
1071,"인섹스69","****9"
1072,"인터넷성인방송","******송"
1073,"일본동영상","****상"
1074,"일본망가","***가"
1075,"일본미소녀","****녀"
1076,"일본뽀르노","****노"
1077,"일본성인만화","*****화"
1078,"일본성인방송","*****송"
1079,"일본섹스","***스"
1080,"일본포르노","****노"
1081,"자위","*위"
1082,"자위기구","***구"
1083,"자위씬","**씬"
1084,"자위용품","***품"
2363,"씨바알","**알"
2364,"씹치","*치"
2365,"ㅇㅍㅊㅌ","***ㅌ"
2366,"ㅇㅒ쁜","**쁜"
2367,"아닥","*닥"
2368,"아오시바","***바"
2369,"안물안궁","***궁"
2370,"앰창","*창"
2371,"얘쁘","*쁘"
2372,"얘쁜","*쁜"
2373,"얪","얪"
2374,"엠뷩신","**신"
2375,"엠븽신","**신"
2376,"엠빙신","**신"
2377,"엠생","*생"
2378,"엠창","*창"
2379,"엿이나","**나"
2380,"예.질","**질"
2381,"예1질","**질"
2382,"예질","*질"
2383,"옘병","*병"
2384,"오크","*크"
2385,"왜저럼","**럼"
2386,"외1퀴","**퀴"
2387,"외퀴","*퀴"
2388,"은년","*년"
2389,"이따위","**위"
2390,"인간말종","***종"
2391,"一一","*一"
2392,"一ㅡ","*ㅡ"
2393,"입털","*털"
2394,"ㅈㄴ","*ㄴ"
2395,"ㅈ.ㄴ","**ㄴ"
2396,"ㄱㄷ","*ㄷ"
2397,"ㅈㄹ","*ㄹ"
2398,"자업자득","***득"
2399,"작작","*작"
2400,"잘또","*또"
2401,"저따위","**위"
2402,"절라","*라"
2403,"정떨","*떨"
2404,"정신나갓","***갓"
2405,"정신나갔","***갔"
2406,"젼낰","*낰"
2407,"졀라","*라"
2408,"졀리","*리"
2409,"졌같은","**은"
2410,"조낸","*낸"
2411,"조녜","*녜"
2412,"조온","*온"
2413,"조온나","**나"
2414,"족까","*까"
2415,"중립충","**충"
2416,"존나","*나"
2419,"존.나","**나"
2420,"존1","*1"
2421,"존1나","**나"
2422,"존귀","*귀"
2423,"존귘","*귘"
2424,"존ㄴ나","**나"
2425,"JMT","**T"
2426,"쥰내","*내"
2427,"존버","*버"
2428,"존내","*내"
2429,"존똑","*똑"
2430,"존맛","*맛"
2431,"존멋","*멋"
2432,"존싫","*싫"
2433,"존쎄","*쎄"
2434,"존쎼","*쎼"
2435,"존예","*예"
2436,"존웃","*웃"
2437,"존잘","*잘"
2438,"존잼","*잼"
2439,"존좋","*좋"
2440,"존트","*트"
2441,"졸귀","*귀"
2442,"졸귘","*귘"
2443,"졸맛","*맛"
2444,"졸멋","*멋"
2445,"졸싫","*싫"
2446,"졸예","*예"
2447,"졸웃","*웃"
2448,"졸잼","*잼"
2449,"졸좋","*좋"
2450,"좁밥","*밥"
2451,"종나","*나"
2452,"봊","봊"
2453,"jot같","***같"
2454,"젗같","*같"
2455,"싸물어","**어"
2456,"아가리","**리"
2457,"닥쳐라","**라"
2458,"씨버럼","**럼"
2459,"개쓰래기","***기"
2460,"쓰래기같","***같"
2461,"좆까","*까"
2462,"죠낸","*낸"
2463,"죠온나","**나"
2464,"죤나","*나"
2465,"죤내","*내"
2466,"죵나","*나"
2467,"죽어버려","***려"
2468,"줬같은","**은"
2469,"쥐랄","*랄"
2470,"쥰나","*나"
2471,"쥰니","*니"
2472,"쥰트","*트"
2473,"즤랄","*랄"
2474,"지1랄","**랄"
2475,"지뢰","*뢰"
2476,"지1뢰","**뢰"
2477,"지껄이","**이"
2478,"뚝딱","*딱"
2479,"삐걱","*걱"
2480,"지롤","*롤"
2481,"ㅉ","ㅉ"
2482,"와꾸","*꾸"
2483,"ㅅㅌㅊ","**ㅊ"
2484,"ㅎㅌㅊ","**ㅊ"
2485,"ㅍㅌㅊ","**ㅊ"
2486,"개삼성","**성"
2487,"꼴데","*데"
2488,"짱깨","*깨"
2489,"짱께","*께"
2490,"쪼녜","*녜"
2491,"쪽1바리","***리"
2492,"쪽바리","**리"
2493,"쪽발","*발"
2494,"쫀맛","*맛"
2495,"쫀1","*1"
2496,"쫀귀","*귀"
2497,"쫂","쫂"
2498,"쫓같","*같"
2499,"쬰잘","*잘"
2500,"쬲","쬲"
2501,"쯰질","*질"
2502,"찌1질","**질"
2503,"찍찍이","**이"
2504,"찎찎이","**이"
2505,"창년","*년"
2506,"창놈","*놈"
2507,"凸","凸"
2508,"첫빠","*빠"
2509,"쳐먹","*먹"
2510,"쳐발라","**라"
2511,"취ㅈ","*ㅈ"
2512,"취좃","*좃"
2513,"친년","*년"
2514,"친놈","*놈"
2515,"친노마","**마"
2516,"텐귀","*귀"
2517,"텐덕","*덕"
2518,"톡디","*디"
2519,"파1친","**친"
2520,"파친","*친"
2521,"피뎁","*뎁"
2522,"피뎊","*뎊"
2523,"피디에프","***프"
2524,"피디엪","**엪"
2525,"피코","*코"
2526,"피해자코스프레","******레"
2527,"핑1프","**프"
2528,"핑거프린세스","*****스"
2529,"핑프","*프"
2530,"ㅎㅃ","*ㅃ"
2531,"할많하않","***않"
2532,"할말하않","***않"
2533,"헛소리","**리"
2534,"혐석","*석"
2535,"새.끼","**끼"
2536,"화낭년","**년"
2537,"화냥년","**년"
2538,"후.려","**려"
2539,"후1려","**려"
2540,"후1빨","**빨"
2541,"후려","*려"
2542,"후빨","*빨"
2543,"환멸","*멸"
2544,"환1멸","**멸"
2550,"뒤지고","**고"
2547,"얏됨","얏*"
2549,"뒤지고","**고"
1347,"야동자료실","****실"
1348,"여고야동","***동"
1349,"유민누드사진","*****진"
1350,"황수정야동","****동"
1351,"게시판sex","*****x"
1352,"동거사이트","****트"
1353,"게시판와레즈","*****즈"
1354,"가시나와레즈","*****즈"
1355,"어둠와레즈","****즈"
1356,"와레즈사이트","*****트"
1357,"와레즈게임","****임"
1358,"해적와레즈","****즈"
1359,"퓨전와레즈","****즈"
1360,"유틸와레즈","****즈"
1361,"파랑새와레즈","*****즈"
1362,"우기의와레즈","*****즈"
1363,"꼬께와레즈","****즈"
1364,"미소녀사진","****진"
1365,"확끈이와레즈","*****즈"
1366,"쿨와레즈","***즈"
1367,"돼지와레즈","****즈"
1368,"브라운와레즈","*****즈"
1369,"럭키월드와레즈","******즈"
1370,"무료와레즈","****즈"
1371,"참치와레즈","****즈"
1372,"와레즈타운","****운"
1373,"메로나.co.kr","********r"
1374,"ㄴㄷㅌ","**ㅌ"
1375,"원조tv","***v"
1376,"빡촌","*촌"
1377,"울트라쏘세지","*****지"
1378,"울트라소세지","*****지"
1379,"목욕탕몰카","****카"
1380,"은주조개살","****살"
1381,"봉숙이","**이"
1382,"live69tv","*******v"
1383,"오현경비디오","*****오"
1384,"꼬추","*추"
1385,"애무","*무"
1386,"와레즈","**즈"
1387,"warez","****z"
1388,"오레즈","**즈"
1389,"오레즈와레즈","*****즈"
1390,"졸라맨똥피하기게임다운로드","************드"
1391,"짱와레즈","***즈"
1392,"짱와레즈닷컴","*****컴"
1393,"h양비디오","****오"
1394,"h양","*양"
1395,"따무라","**라"
1396,"무료포르노사이트","*******트"
1397,"야해요야동","****동"
1398,"야시꾸리닷컴","*****컴"
1399,"h양섹스비디오","******오"
1400,"누드겔러리","****리"
1401,"야덩","*덩"
1402,"미야리야동","****동"
1403,"성인폰팅","***팅"
1404,"성인미팅","***팅"
1405,"성인번개","***개"
1406,"성인만남","***남"
1407,"성인전화","***화"
1408,"성인벙개","***개"
1409,"성인킹카","***카"
1410,"성인퀸카","***카"
1411,"졸라섹스","***스"
1412,"재벌딸포르노","*****노"
1413,"재벌포르노","****노"
1414,"딸포르노","***노"
1415,"재벌딸동영상","*****상"
1416,"맛있는섹스","****스"
1417,"맛있는섹스그리고사랑","*********랑"
1418,"미씨촌","**촌"
1419,"권민중누드","****드"
1420,"권민중누드집","*****집"
1421,"이브의욕망","****망"
1422,"동거","*거"
1423,"폰섹스","**스"
1424,"전화방","**방"
1425,"번개팅","**팅"
1426,"폰팅","*팅"
1427,"교제알선","***선"
1428,"클리토리스","****스"
1429,"포르노사이트","*****트"
1430,"성인정보검색","*****색"
1431,"성인전용서비스","******스"
1432,"따무라야동","****동"
1433,"노팬티","**티"
1434,"딜도","*도"
1435,"마스터베이션","*****션"
1436,"망까","*까"
1437,"머니헌터","***터"
1438,"멜섭","*섭"
1439,"몰래","*래"
1440,"바구리","**리"
1441,"밤일","*일"
1442,"번색","*색"
1443,"본디지","**지"
1444,"부랄","*랄"
1445,"빙신","*신"
1446,"빠걸","*걸"
1447,"빠꾸리","**리"
1448,"빠라","*라"
1449,"빠라줘","**줘"
1450,"빨간마후라","****라"
1451,"빨강마후라","****라"
1452,"빨기","*기"
1453,"빨어","*어"
1454,"빽보지","**지"
1455,"뽀로노","**노"
1456,"사까치","**치"
1457,"색골","*골"
1458,"성감대","**대"
1459,"성생활","**활"
1460,"세엑","*엑"
1461,"섹골","*골"
1462,"섹녀","*녀"
1463,"섹도우즈","***즈"
1464,"섹무비","**비"
1465,"섹보지","**지"
1466,"섹소리","**리"
1467,"섹티즌","**즌"
1468,"섹할","*할"
1469,"쇼킹","*킹"
1470,"수타킹","**킹"
1471,"스트립쑈","***쑈"
1472,"스쿨걸","**걸"
1473,"쌕스","*스"
1474,"에니탑","**탑"
1475,"야껨","*껨"
1476,"야똥","*똥"
1477,"야섹","*섹"
1478,"영계","*계"
1479,"오랄","*랄"
1480,"유흥","*흥"
1481,"육봉","*봉"
1482,"잡년","*년"
1483,"잡놈","*놈"
1484,"재랄","*랄"
1485,"저년","*년"
1486,"정사","*사"
1487,"조루","*루"
1488,"쫒","쫒"
1489,"크리토리스","****스"
1490,"페니스","**스"
1491,"패티시","**시"
1492,"페팅","*팅"
1493,"펜티","*티"
1494,"펨돔","*돔"
1495,"펨섭","*섭"
1496,"포르느","**느"
1497,"핸타이","**이"
1498,"헴타이","**이"
1499,"호빠","*빠"
1500,"혼음","*음"
1501,"bdsm","***m"
1502,"bo지","**지"
1503,"bozi","***i"
1504,"c2joy","****y"
1505,"dildo","****o"
1506,"haduri","*****i"
1507,"hardcore","*******e"
1508,"hentai","*****i"
1509,"IJ","*J"
1510,"jaji","***i"
1511,"jgirls","*****s"
1512,"kgirls","*****s"
1513,"nallari","******i"
1514,"playbog","******g"
1515,"porn","***n"
1516,"1090tv","*****v"
1517,"2c8","**8"
1518,"99bb","***b"
1519,"민셩야설","***설"
1520,"보짓","*짓"
1521,"빠굴","*굴"
1522,"빠순이","**이"
1523,"빨아","*아"
1524,"뻐킹","*킹"
1525,"수간","*간"
1526,"쌕쉬","*쉬"
1527,"쎄끈","*끈"
1528,"와래즈","**즈"
1529,"애널","*널"
1530,"오럴","*럴"
1531,"육갑","*갑"
1532,"윤간","*간"
1533,"음욕","*욕"
1534,"음탕","*탕"
1535,"쪼가리","**리"
1536,"컴섹","*섹"
1537,"폰색","*색"
1538,"호스트빠","***빠"
1539,"fuck","***k"
1540,"gangbang","*******g"
1541,"jfantasy","*******y"
1542,"jasal","****l"
1543,"playbozi","*******i"
1544,"prno","***o"
1545,"귀두","*두"
1546,"구멍","*멍"
1547,"난교","*교"
1548,"도촬","*촬"
1549,"바이브레이터","*****터"
1550,"불륜","*륜"
1551,"뻐르너","**너"
1552,"뻐르노","**노"
1553,"뻘노","*노"
1554,"뽀르너","**너"
1555,"뽀지","*지"
1556,"뽈노","*노"
1557,"삽입","*입"
1558,"색쓰","*쓰"
1559,"섹쑤","*쑤"
1560,"섹쓰","*쓰"
1561,"수음","*음"
1562,"스너프","**프"
1563,"스왑","*왑"
1564,"애액","*액"
1565,"엑스터시","***시"
1566,"야근병동","***동"
1567,"음란","*란"
1568,"음부","*부"
1569,"이반","*반"
1570,"젖","젖"
1571,"최음제","**제"
1572,"치마속","**속"
1573,"패니스","**스"
1574,"팬티","*티"
1575,"퍼르노","**노"
1576,"포경","*경"
1577,"포르너","**너"
1578,"폰쎅","*쎅"
1579,"히로뽕","**뽕"
1580,"asiangirl","********l"
1581,"ecstasy","******y"
1582,"hidden","*****n"
1583,"oral","***l"
1584,"penis","****s"
1585,"penthouse","********e"
1586,"porner","*****r"
1587,"suck","***k"
1588,"swaping","******g"
1589,"넣어줘","**줘"
1590,"무삭제원판","****판"
1591,"색녀","*녀"
1592,"좃물","*물"
1593,"퇴폐이발소","****소"
1594,"보짓물","**물"
1595,"무료성인소설","*****설"
1596,"씹물","*물"
1597,"스와핑모임","****임"
1598,"부부교환섹스","*****스"
1599,"섹스나이트","****트"
1600,"섹스경험담","****담"
1601,"sora's","*****s"
1602,"봉숙이야동","****동"
1603,"보지빨기","***기"
1604,"여자옷벗기기","*****기"
1605,"폰섹","*섹"
1606,"캠빨","*빨"
1607,"김완선누드","****드"
1608,"김완선누드집","*****집"
1609,"이혜영누드","****드"
1610,"이혜영누드집","*****집"
1611,"이주현누드","****드"
1612,"이주현누드집","*****집"
1613,"이주현nude","******e"
1614,"김완선nude","******e"
1615,"이혜영nude","******e"
1616,"이지현누드","****드"
1617,"이지현누드집","*****집"
1618,"지현누드집","****집"
1619,"이지현누드사진","******진"
1620,"이지현누드샘플","******플"
1621,"화상폰팅","***팅"
1622,"티켓다방","***방"
1623,"여자따먹기","****기"
1624,"보지먹기","***기"
1625,"보지따기","***기"
1626,"포르노키위","****위"
1627,"포르노배우","****우"
1628,"성인포르노","****노"
1629,"공짜포르노","****노"
1630,"포르노스타","****타"
1631,"한국포르노","****노"
1632,"포르노비디오","*****오"
1633,"백지영포르노","*****노"
1634,"포르노자키","****키"
1635,"슬림페티쉬","****쉬"
1636,"무료페티쉬","****쉬"
1637,"스타킹페티쉬","*****쉬"
1638,"무료성인게시판","******판"
1639,"자위방법","***법"
1640,"여자자위","***위"
1641,"화장실몰카","****카"
1642,"몰카동영상","****상"
1643,"여고생몰카","****카"
1644,"몰카리스트","****트"
1645,"스와핑몰카","****카"
1646,"이발소몰카","****카"
1647,"몰카사진","***진"
1648,"몰카사이트","****트"
1649,"백지영몰카","****카"
1650,"변태사진","***진"
1651,"변태게임","***임"
1652,"변태만화","***화"
1653,"변태이야기","****기"
1654,"변태섹스","***스"
1655,"변태사이트","****트"
1656,"아줌마보지","****지"
1657,"아줌마섹스","****스"
1658,"아줌마페티쉬","*****쉬"
1659,"아줌마야동","****동"
1660,"자지털","**털"
1661,"보지자지","***지"
1662,"자지빨기","***기"
1663,"헤어누드","***드"
1664,"남자누드","***드"
1665,"연예인누드","****드"
1666,"세미누드","***드"
1667,"고소영누드","****드"
1668,"셀프누드","***드"
1669,"무료누드","***드"
1670,"이효리누드","****드"
1671,"이혜영누드사진","******진"
1672,"누드동영상","****상"
1673,"이헤영누드","****드"
1674,"여자누드","***드"
1675,"남성누드","***드"
1676,"야설게시판","****판"
1677,"소라야설","***설"
1678,"무료성인야설","*****설"
1679,"소라의야설","****설"
1680,"야설록","**록"
1681,"공짜야설","***설"
1682,"소라가이드야설","******설"
1683,"소라의야설가이드","*******드"
1684,"소라야설공작소","******소"
1685,"야한미소녀","****녀"
1686,"미아리야동","****동"
1687,"빠구리야동","****동"
1688,"무료섹스페티쉬","******쉬"
1689,"함소원누드","****드"
1690,"함소원","**원"
1691,"함소원누드집","*****집"
1692,"함소원nude","******e"
1693,"소원누드","***드"
1694,"소원누드집","****집"
1695,"함소원헤어누드","******드"
1696,"함소원누드사진","******진"
1697,"함소원누두","****두"
1698,"함소원누드보기","******기"
1699,"자살","*살"
1700,"음독","*독"
1701,"청산가리","***리"
1702,"청산가루","***루"
1703,"테마샵","**샵"
1704,"테마몰","**몰"
1705,"테마가게","***게"
1706,"테마상점","***점"
1707,"모바일몰","***몰"
1708,"모바일샵","***샵"
1709,"브랜드샵","***샵"
1710,"스타샵","**샵"
1711,"선물상점","***점"
1712,"음반상점","***점"
1713,"음악상점","***점"
1714,"카페상점","***점"
1715,"까페상점","***점"
1716,"카패상점","***점"
1717,"음반가게","***게"
1718,"음반샵","**샵"
1719,"음반몰","**몰"
1720,"신고센터","***터"
1721,"뮤직샵","**샵"
1722,"뮤직몰","**몰"
1723,"음악샵","**샵"
1724,"음악가게","***게"
1725,"음악몰","**몰"
1726,"우수고객","***객"
1727,"도우미","**미"
1728,"고객센터","***터"
1729,"고객센타","***타"
1730,"고객샌터","***터"
1731,"고객샌타","***타"
1732,"할인쿠폰","***폰"
1733,"카페몰","**몰"
1734,"카페샵","**샵"
1735,"까페몰","**몰"
1736,"까페샵","**샵"
1737,"카패몰","**몰"
1738,"까패몰","**몰"
1739,"까패샵","**샵"
1740,"캐릭터몰","***몰"
1741,"캐릭터샵","***샵"
1742,"케릭터몰","***몰"
1743,"케릭터샵","***샵"
1744,"게임머니","***니"
1745,"가게주인","***인"
1746,"기프트샵","***샵"
1747,"기프트몰","***몰"
1748,"아이템샵","***샵"
1749,"아이템몰","***몰"
1750,"아바타샵","***샵"
1751,"아바타몰","***몰"
1752,"쾌스천맨","***맨"
1753,"쾌스천걸","***걸"
1754,"퀘스천맨","***맨"
1755,"퀘스천걸","***걸"
1756,"선물가게","***게"
1757,"선물몰","**몰"
1758,"선물샵","**샵"
1759,"아바타","**타"
1760,"주인장","**장"
1761,"블로거","**거"
1762,"블로깅","**깅"
1763,"불로거","**거"
1764,"불로깅","**깅"
1765,"볼로거","**거"
1766,"볼로깅","**깅"
1767,"볼르거","**거"
1768,"볼르깅","**깅"
1769,"불르거","**거"
1770,"불르깅","**깅"
1771,"블로그","**그"
1772,"블르그","**그"
1773,"불로그","**그"
1774,"불르그","**그"
1775,"볼로그","**그"
1776,"볼르그","**그"
1777,"네이버","**버"
1778,"내이버","**버"
1779,"운영자","**자"
1780,"관리자","**자"
1781,"어드민","**민"
1782,"마스터","**터"
1783,"엔에치엔","***엔"
1784,"엔에치앤","***앤"
1785,"엔애치앤","***앤"
1786,"엔애치엔","***엔"
1787,"앤에치엔","***엔"
1788,"앤에치앤","***앤"
1789,"앤애치앤","***앤"
1790,"앤애치엔","***엔"
1791,"엔에취엔","***엔"
1792,"엔에취앤","***앤"
1793,"엔애취엔","***엔"
1794,"앤에취엔","***엔"
1795,"앤에취앤","***앤"
1796,"앤애취앤","***앤"
1797,"앤애취엔","***엔"
1798,"페이퍼","**퍼"
1799,"지식인","**인"
1800,"쥬니버","**버"
1801,"미즈클럽","***럽"
1802,"토크광장","***장"
1803,"포토앨범","***범"
1804,"마이홈","**홈"
1805,"엔메거진","***진"
1806,"앤메거진","***진"
1807,"엔매거진","***진"
1808,"앤매거진","***진"
1809,"미즈네","**네"
1810,"키워드샵","***샵"
1811,"엔토이","**이"
1812,"폴에버","**버"
1813,"폴애버","**버"
1814,"한게임","**임"
1815,"한개임","**임"
1816,"앤토이","**이"
1817,"블로그씨","***씨"
1818,"매니저","**저"
1819,"메니저","**저"
1820,"매니져","**져"
1821,"메니져","**져"
1822,"스탭","*탭"
1823,"스텝","*텝"
1824,"갈보","*보"
1825,"개년","*년"
1826,"개놈","*놈"
1827,"개뇬","*뇬"
1828,"개보지","**지"
1829,"개삽년","**년"
1830,"개새끼","**끼"
1831,"개세이","**이"
1832,"개쉐이","**이"
1833,"개자식","**식"
1834,"개자지","**지"
1835,"개지랄","**랄"
1836,"까자","*자"
1837,"니미","*미"
1838,"니미랄","**랄"
1839,"니미럴","**럴"
1840,"니애미","**미"
1841,"니에미","**미"
1842,"등신","*신"
1843,"또라이","**이"
1844,"레즈비언","***언"
1845,"멜섹","*섹"
1846,"문섹","*섹"
1847,"미친넘","**넘"
1848,"미친년","**년"
1849,"미친놈","**놈"
1850,"미친뇬","**뇬"
1851,"번섹","*섹"
1852,"번쌕","*쌕"
1853,"병신","*신"
1854,"부부교환","***환"
1855,"불알","*알"
1856,"빡우리","**리"
1857,"빡울","*울"
1858,"새꺄","*꺄"
1859,"새끈","*끈"
1860,"새끈남","**남"
1861,"새끈녀","**녀"
1862,"새끼","*끼"
1863,"색남","*남"
1864,"색폰","*폰"
1865,"성인용","**용"
1866,"성인잡지","***지"
1867,"세꺄","*꺄"
1868,"쉬팔","*팔"
1869,"쉬펄","*펄"
1870,"스발","*발"
1871,"시발","*발"
1872,"시벌","*벌"
1873,"시파","*파"
1874,"시펄","*펄"
1875,"십팔금","**금"
1876,"쌍넘","*넘"
1877,"쌍년","*년"
1878,"쌍놈","*놈"
1879,"쌔","쌔"
1880,"쌔깐","*깐"
1881,"쌔끈","*끈"
1882,"쌕쓰","*쓰"
1883,"쌕폰","*폰"
1884,"썅","썅"
1885,"썅넘","*넘"
1886,"썅년","*년"
1887,"썅놈","*놈"
1888,"쒸팔","*팔"
1889,"쒸펄","*펄"
1890,"쓰바","*바"
1891,"씌팍","*팍"
1892,"씨바","*바"
1893,"씨발","*발"
1894,"씨발넘","**넘"
1895,"씨발년","**년"
1896,"씨발놈","**놈"
1897,"씨발뇬","**뇬"
1898,"씨방","*방"
1899,"씨방새","**새"
1900,"씨버럴","**럴"
1901,"씨벌","*벌"
1902,"씨보랄","**랄"
1903,"씨보럴","**럴"
1904,"씨부랄","**랄"
1905,"씨부럴","**럴"
1906,"씨부리","**리"
1907,"씨불","*불"
1908,"씨브랄","**랄"
1909,"씨파","*파"
1910,"씨팍","*팍"
1911,"씨팔","*팔"
1912,"씨펄","*펄"
1913,"씹보지","**지"
1914,"씹새","*새"
1915,"씹새끼","**끼"
1916,"씹색","*색"
1917,"씹세","*세"
1918,"씹세이","**이"
1919,"씹쉐","*쉐"
1920,"씹쉐이","**이"
1921,"씹쌔","*쌔"
1922,"씹쌔기","**기"
1923,"씹자지","**지"
1924,"씹창","*창"
1925,"씹탱","*탱"
1926,"씹탱구리","***리"
1927,"씹팔","*팔"
1928,"씹펄","*펄"
1929,"씹할","*할"
1930,"야캠","*캠"
1931,"원조","*조"
1932,"원조교재","***재"
1933,"정품게임","***임"
1934,"젖꼭지","**지"
1935,"젖탱","*탱"
1936,"젖탱이","**이"
1937,"젼나","*나"
1938,"조까","*까"
1939,"졸라","*라"
1940,"좃","좃"
1941,"좃나","*나"
1942,"좃나게","**게"
1943,"좆","좆"
1944,"좆같","*같"
1945,"좆꼴리","**리"
1946,"좆나","*나"
1947,"좆나게","**게"
1948,"좆빠","*빠"
1949,"좇","좇"
1950,"좇같","*같"
1951,"좇꼴려","**려"
1952,"좇꼴리","**리"
1953,"좇빠","*빠"
1954,"지랄","*랄"
1955,"지미랄","**랄"
1956,"체모","*모"
1957,"캠색","*색"
1958,"캠섹","*섹"
1959,"컴색","*색"
1960,"폰쌕","*쌕"
1961,"호로새끼","***끼"
1962,"호스테스바","****바"
1963,"호스트바","***바"
1964,"화상색","**색"
1965,"화상섹","**섹"
1966,"ㄱㅇㄷ","**ㄷ"
1967,"？？","*？"
1968,"같은새끼","***끼"
1969,"개.웃","**웃"
1970,"개오바","**바"
1971,"쌉","쌉"
1972,"개간","*간"
1973,"럼들","*들"
1974,"시부럴","**럴"
1975,"시뷰럴","**럴"
1976,"씨뷰럴","**럴"
1977,"시부렬","**렬"
1978,"시뷰렬","**렬"
1979,"씨부렬","**렬"
1980,"씨뷰렬","**렬"
1981,"쳐받는","**는"
1982,"그따구","**구"
1983,"닝기리","**리"
1984,"스벌","*벌"
1985,"호로잡","**잡"
1986,"개공감","**감"
1987,"개나소나","***나"
1988,"개넷","*넷"
1989,"개념빠가","***가"
1990,"개독","*독"
1991,"개련","*련"
1992,"개망","*망"
1993,"개무시","**시"
1994,"개무식","**식"
1995,"개민폐","**폐"
1996,"개별로","**로"
1997,"개부랄","**랄"
1998,"개빡","*빡"
1999,"개사이다","***다"
2000,"개새기","**기"
2001,"죶","죶"
2002,"개섹","*섹"
2003,"개셈","*셈"
2004,"개소리","**리"
2005,"개쉽","*쉽"
2006,"개싫","*싫"
2007,"개쎔","*쎔"
2008,"개이뻐","**뻐"
2009,"개이쁨","**쁨"
2010,"개예뻐","**뻐"
2011,"개예쁜","**쁜"
2012,"개예쁨","**쁨"
2013,"개웃","*웃"
2014,"개이득","**득"
2015,"개이쁘","**쁘"
2016,"개잼","*잼"
2017,"개조아","**아"
2018,"개존","*존"
2019,"개좋","*좋"
2020,"개죠","*죠"
2021,"개짜증","**증"
2022,"개짱","*짱"
2023,"개짲","*짲"
2024,"개쩐","*쩐"
2025,"개쩔","*쩔"
2026,"개힘들","**들"
2027,"계새끼","**끼"
2028,"개저씨","**씨"
2029,"김치녀","**녀"
2030,"맘충","*충"
2031,"tlqkf","****f"
2032,"wlfkf","****f"
2033,"엿같","*같"
2034,"존낙","*낙"
2035,"눈새","*새"
2036,"개꿀","*꿀"
2037,"지인지조","***조"
2038,"젖같","*같"
2039,"졏같","*같"
2040,"닥치세","**세"
2041,"에라이퉤","***퉤"
2042,"에라이퉷","***퉷"
2043,"슈벌","*벌"
2044,"슈우벌","**벌"
2045,"빻은","*은"
2046,"빻았","*았"
2047,"오진다","**다"
2048,"오져","*져"
2049,"골빈","*빈"
2050,"골1빈","**빈"
2051,"글러먹","**먹"
2052,"오짐","*짐"
2053,"지들이","**이"
2054,"공개처형","***형"
2055,"관.종","**종"
2056,"관1종","**종"
2057,"관종","*종"
2058,"괘새끼","**끼"
2059,"구1씹","**씹"
2060,"구씹","*씹"
2061,"그나물에","***에"
2062,"그1켬","**켬"
2063,"그따위","**위"
2064,"그지같","**같"
2065,"그켬","*켬"
2066,"극1혐","**혐"
2067,"극혐","*혐"
2068,"기레기","**기"
2069,"기자레기","***기"
2070,"까내리","**리"
2071,"껒여","*여"
2072,"꼬라지","**지"
2073,"꼴갑","*갑"
2074,"꼴값","*값"
2075,"꼴깝","*깝"
2076,"꼴랑","*랑"
2077,"꼴보기","**기"
2078,"꼴뵈기","**기"
2079,"ㄴ1ㅇㄱ","***ㄱ"
2080,"ㄴㅇ1ㄱ","***ㄱ"
2081,"ㄴㅇㄱ","**ㄱ"
2082,"나;","*;"
2083,"나면갤","**갤"
2084,"나빼썅","**썅"
2085,"남1연갤","***갤"
2086,"남1혐","**혐"
2087,"남ㅇㄱ","**ㄱ"
2088,"남연1갤","***갤"
2089,"넌씨눈","**눈"
2090,"년놈","*놈"
2091,"노무노무","***무"
2092,"노알라","**라"
2093,"서치해","**해"
2094,"핑끄","*끄"
2095,"노인네","**네"
2096,"노친네","**네"
2097,"눈깔파","**파"
2098,"늬믜","*믜"
2099,"늬미","*미"
2100,"니년","*년"
2101,"니믜","*믜"
2102,"애미","*미"
2103,"앰","앰"
2104,"ㄷㅇㅂ","**ㅂ"
2105,"닥1","*1"
2106,"닥2","*2"
2107,"닥전","*전"
2108,"닥후","*후"
2109,"덬","덬"
2110,"대가리","**리"
2111,"머갈","*갈"
2112,"대갈","*갈"
2113,"더럽네","**네"
2114,"정병","*병"
2115,"뚝배기","**기"
2116,"덜떨어","**어"
2117,"도랏","*랏"
2118,"도랐","*랐"
2119,"시바알","**알"
2120,"도른","*른"
2121,"돌앗구만","***만"
2122,"돌앗나","**나"
2123,"돌앗네","**네"
2124,"돌았구만","***만"
2125,"은새끼","**끼"
2126,"돌았나","**나"
2127,"돌았네","**네"
2128,"둄마","*마"
2129,"뒈져","*져"
2130,"뒤져야","**야"
2131,"쓰레기새","***새"
2132,"씹뻐럴","**럴"
2133,"또라인","**인"
2134,"개마이","**이"
2135,"쉬버","*버"
2136,"미친개","**개"
2137,"뇌피셜","**셜"
2138,"뇌텅","*텅"
2139,"뇌1텅","**텅"
2140,"뇌에","*에"
2141,"뒤져라","**라"
2142,"뒤져버","**버"
2143,"씨뻘","*뻘"
2144,"찝째끼","**끼"
2145,"뒤져야지","***지"
2146,"뒤져요","**요"
2147,"뒤졌","*졌"
2148,"뒤지겠","**겠"
2149,"뒤지고싶","***싶"
2150,"디지고","**고"
2151,"D지고","**고"
2152,"D쥐고","**고"
2153,"끼리끼리","***리"
2154,"개돼지","**지"
2155,"씹못","*못"
2156,"시바류","**류"
2157,"시바","*바"
2158,"미친~","**~"
2159,"시바라지","***지"
2160,"개같이","**이"
2161,"ssㅑ","**ㅑ"
2162,"망해라","**라"
2163,"빡새끼","**끼"
2164,"디져라","**라"
2165,"새끼야","**야"
2166,"찌질한","**한"
2167,"ㅉ질한","**한"
2168,"아오ㅅㅂ","***ㅂ"
2169,"친구년","**년"
2170,"오지고","**고"
2171,"오지구","**구"
2172,"오지네","**네"
2173,"오졌","*졌"
2174,"오지는","**는"
2175,"오찌고","**고"
2176,"오찌구","**구"
2177,"오찌네","**네"
2178,"오쪘","*쪘"
2179,"오쪗","*쪗"
2180,"5지","*지"
2181,"오g","*g"
2182,"오z","*z"
2183,"5쪗","*쪗"
2184,"5졌","*졌"
2185,"5지구","**구"
2186,"5지고","**고"
2187,"5지네","**네"
2188,"o졌","*졌"
2189,"o지구","**구"
2190,"o지고","**고"
2191,"o지네","**네"
2192,"ㅈ리","*리"
2193,"G리","*리"
2194,"Z리","*리"
2195,"머리텅","**텅"
2196,"쪼다","*다"
2197,"새끼라","**라"
2198,"뒤지길","**길"
2199,"뒤진다","**다"
2200,"뒤질","*질"
2201,"디졌","*졌"
2202,"디질","*질"
2203,"딴년","*년"
2204,"도라이","**이"
2205,"똘아이","**이"
2206,"멍청","*청"
2207,"듣보","*보"
2208,"뚫린입","**입"
2209,"라면갤","**갤"
2210,"런년","*년"
2211,"레1친","**친"
2212,"레기같","**같"
2213,"레기네","**네"
2214,"레기다","**다"
2215,"레친","*친"
2216,"롬들","*들"
2217,"ㅁㅊ","*ㅊ"
2218,"ㅁ친","*친"
2219,"망돌","*돌"
2220,"막내뱉","**뱉"
2221,"먹1금","**금"
2222,"먹금","*금"
2223,"먹끔","*끔"
2224,"ㅁ.ㄱ","**ㄱ"
2225,"먹.금","**금"
2226,"먹.끔","**끔"
2227,"==","*="
2228,"멍멍소리","***리"
2229,"멍소리","**리"
2230,"멍멍이소리","****리"
2231,"명존","*존"
2232,"무개념","**념"
2233,"뭐래는","**는"
2234,"뭐임","*임"
2235,"뭐저래","**래"
2236,"뭔솔","*솔"
2237,"믜칀","*칀"
2238,"믜친","*친"
2239,"미1친","**친"
2240,"미시친발","***발"
2241,"미쳣네","**네"
2242,"미쳤나","**나"
2243,"미쳤니","**니"
2244,"미췬","*췬"
2245,"미칀","*칀"
2246,"미친ㅋ","**ㅋ"
2247,"미친새","**새"
2248,"미친색","**색"
2249,"죽여버리고","****고"
2250,"죽여뿌고","***고"
2251,"죽여불고","***고"
2252,"미틴","*틴"
2253,"및힌","*힌"
2254,"ㅂㄹ","*ㄹ"
2255,"ㅂㅊ","*ㅊ"
2256,"ㅂ크","*크"
2257,"발놈","*놈"
2258,"별창","*창"
2259,"병1신","**신"
2260,"병1크","**크"
2261,"병맛","*맛"
2262,"병크","*크"
2263,"븅신","*신"
2264,"빠큐","*큐"
2265,"뻐규","*규"
2266,"뻐큐","*큐"
2267,"뻑유","*유"
2268,"뻑큐","*큐"
2269,"뻨큐","*큐"
2270,"뼈큐","*큐"
2271,"뽄새","*새"
2272,"뽄세","*세"
2273,"ㅄ","ㅄ"
2276,"ㅅ.ㅂ","**ㅂ"
2277,"ㅅ1ㅂ","**ㅂ"
2278,"ㅅ1발","**발"
2279,"ㅅㄲ네","**네"
2280,"ㅅㄲ들","**들"
2281,"ㅅ루","*루"
2282,"ㅅㅋ","*ㅋ"
2283,"ㅅㅡ루","**루"
2284,"새1끼","**끼"
2285,"새1키","**키"
2286,"새77ㅣ","***ㅣ"
2287,"새퀴","*퀴"
2288,"새킈","*킈"
2289,"새키","*키"
2290,"색희","*희"
2291,"색히","*히"
2292,"샊기","*기"
2293,"샊히","*히"
2294,"샹년","*년"
2295,"섀키","*키"
2296,"섬숭이","**이"
2297,"성괴","*괴"
2298,"솔1친","**친"
2299,"솔친","*친"
2300,"수준하고는","****는"
2301,"쉬이바","**바"
2302,"쉬이이","**이"
2303,"쉬이이이","***이"
2304,"슈1발","**발"
2305,"슈레기","**기"
2306,"슈발","*발"
2307,"슈ㅣ발","**발"
2308,"스.루","**루"
2309,"스ㄹㅜ","**ㅜ"
2310,"스죄","*죄"
2311,"스타죄국","***국"
2312,"슨상님","**님"
2313,"싑창","*창"
2314,"시1발","**발"
2315,"이새끼","**끼"
2316,"시미발친","***친"
2317,"시미친발","***발"
2318,"시새발끼","***끼"
2319,"씨새발끼","***끼"
2320,"시부울","**울"
2321,"시방새","**새"
2322,"시벌탱","**탱"
2323,"시볼탱","**탱"
2324,"시빨","*빨"
2325,"시이발","**발"
2326,"시친발미","***미"
2327,"시키가","**가"
2328,"시팔","*팔"
2329,"거지같은","***은"
2330,"나쁜새끼","***끼"
2331,"다꺼져","**져"
2332,"십창","*창"
2333,"십팔","*팔"
2334,"ㅆ1ㄺ","**ㄺ"
2335,"ㅆ1ㅂ","**ㅂ"
2336,"ㅆㄹㄱ","**ㄱ"
2337,"ㅆㄺ","*ㄺ"
2338,"ㅆㅂ","*ㅂ"
2339,"싸가지없","***없"
2340,"쌔끼","*끼"
2341,"썌끼","*끼"
2342,"쓰1레기","***기"
2343,"쓰렉","*렉"
2344,"씝창","*창"
2345,"씨1발","**발"
2346,"씨바라","**라"
2347,"씨벌탱","**탱"
2348,"씨볼탱","**탱"
2349,"씨빨","*빨"
2350,"시바앙","**앙"
2351,"시바시바","***바"
2352,"쉬발","*발"
2353,"쳐마","*마"
2354,"개쩌","*쩌"
2355,"개같","*같"
2356,"ㅂㅁㄱ","**ㄱ"
2357,"처먹","*먹"
2358,"씨이발","**발"
2359,"씹귀","*귀"
2360,"씹덕","*덕"
2361,"씨빠빠","**빠"
2362,"사새끼","**끼"
